barvermoegen,aktienvermoegen,saeule3a,lebensversicherung,pensionskasse,totalVermoegen,lohn,lohnJahr,bonus,zulagen,totalLohn,schaetzungObjekt,anzahlung,tragbarkeit,score
154557.9176,28291.63099,80000,0,109368.5569,372218.1055,5600,67200,0,840,68040,507984.5702,100,50,75
338303.8756,7606.009156,40000,45000,207181.9836,638091.8683,9100,109200,0,0,109200,712664.4166,100,70,85
395285.7517,910.8334536,40000,0,80878.81724,517075.4024,5600,67200,0,840,68040,1593038.547,90,10,50
308723.7368,9147.939781,40000,0,200101.5673,557973.2439,13000,156000,15759.38929,0,171759.3893,1088717.334,100,50,75
278315.5396,10403.23951,130000,0,0,418718.7791,9100,109200,0,0,109200,541307.2816,100,80,90
274839.6374,9772.39532,130000,70000,0,484612.0328,9100,109200,0,0,109200,1150048.064,100,40,70
124052.5564,23307.32712,40000,0,178562.9138,365922.7973,9100,109200,0,0,109200,1249016.934,80,20,50
17987.71701,33874.79373,0,0,44591.95679,96454.46754,3200,38400,0,480,38880,748687.1035,0,10,5
185792.0079,15878.82498,100000,0,0,301670.8329,5600,67200,0,840,68040,1100611.345,80,20,50
308739.0199,3270.620955,20000,0,42680.65368,374690.2945,8000,96000,27782.28304,0,123782.283,285079.7598,100,100,100
6510.987705,33387.28614,100000,0,0,139898.2738,9100,109200,0,0,109200,1858838.825,60,10,35
101627.5519,22653.54169,80000,0,656325.9376,860607.0312,13000,156000,15566.14864,0,171566.1486,556295.3465,100,100,100
276845.6439,5007.31361,20000,0,40864.84751,342717.8051,5600,67200,0,0,67200,1416262.657,80,10,45
174854.8002,15108.44541,80000,0,651878.5085,921841.7541,13000,156000,19329.8167,0,175329.8167,700770.8296,100,100,100
289091.8539,3180.51617,40000,0,64179.40313,396451.7732,5600,67200,0,840,68040,1628276.001,80,10,45
274719.8361,4362.058989,20000,38000,39792.55325,376874.4484,5600,67200,0,0,67200,1227648.937,90,10,50
99105.72064,21783.22645,80000,0,79234.4963,280123.4434,5600,67200,0,840,68040,210021.2693,100,100,100
265889.0198,4935.730522,80000,0,78811.58126,429636.3316,5600,67200,0,840,68040,384677.3205,100,70,85
238322.7457,7650.612124,100000,0,944486.6009,1290459.959,9100,109200,0,0,109200,1396369.57,100,20,60
79286.35799,22871.31133,20000,0,51333.24521,173490.9145,3200,38400,0,480,38880,69383.20773,100,100,100
249269.02,5788.46212,40000,41000,153576.8206,489634.3027,9100,109200,0,0,109200,1252277.228,90,20,55
158583.6685,14672.68816,0,27000,30531.05502,230787.4117,5600,67200,0,0,67200,576273.4384,100,40,70
42650.61862,26094.9172,130000,0,0,198745.5358,5600,67200,0,840,68040,311576.909,100,100,100
49931.67075,25349.07684,80000,50000,606844.8783,812125.6259,13000,156000,4824.444805,0,160824.4448,68959.95004,100,100,100
238124.0414,6467.903188,130000,0,0,374591.9446,9100,109200,0,0,109200,1186151.82,90,40,65
171701.0524,13110.20209,130000,82000,0,396811.2545,9100,109200,0,0,109200,1514757.74,80,20,50
140567.4127,16223.56606,130000,0,0,286790.9788,9100,109200,0,0,109200,293424.5083,100,100,100
160256.5019,14141.1522,130000,0,0,304397.6541,9100,109200,0,0,109200,375639.6765,100,100,100
142704.341,15499.51027,40000,47000,148849.7219,394053.5732,13000,156000,12484.56083,0,168484.5608,1361335.875,80,40,60
222172.6183,7397.977502,80000,52000,592304.7866,953875.3823,9100,109200,0,0,109200,347322.2395,100,100,100
248829.8181,4708.246854,0,0,36989.03583,290527.1008,3200,38400,0,480,38880,1535438.319,0,0,0
132439.4414,15827.23546,80000,0,581423.5919,809690.2688,9100,109200,0,0,109200,524022.281,100,80,90
31910.04471,25724.10584,130000,0,0,187634.1505,13000,156000,11917.02678,0,167917.0268,1548118.885,0,40,20
127767.3648,16036.05567,130000,78000,0,351803.4205,9100,109200,0,0,109200,1815986.557,0,20,10
12494.78439,27105.06481,130000,0,0,169599.8492,9100,109200,0,0,109200,1688374.043,0,20,10
176005.2101,10464.80292,40000,0,140326.6197,366796.6327,9100,109200,0,0,109200,106047.7118,100,100,100
2324.277172,27813.1147,0,25000,28045.54242,83182.9343,8000,96000,18431.23823,0,114431.2382,69189.18903,100,100,100
153050.4164,12687.97747,130000,80000,0,375738.3938,9100,109200,0,0,109200,226227.5919,100,100,100
172179.5481,10593.75653,130000,0,0,312773.3046,5600,67200,0,840,68040,1170591.298,80,10,45
102375.0713,17223.45758,40000,0,54921.9294,214520.4582,5600,67200,0,840,68040,932646.3981,80,20,50
269492.8682,359.8377403,100000,68000,0,437852.706,13000,156000,1730.831405,0,157730.8314,1154449.942,90,50,70
93807.39021,17808.87794,40000,0,135948.0848,287564.3529,9100,109200,0,0,109200,1032710.137,80,40,60
203307.8429,6835.094851,100000,0,0,310142.9378,5600,67200,0,840,68040,1658432.563,0,10,5
52450.783,21449.31879,130000,0,0,203900.1018,9100,109200,0,0,109200,1179591.974,0,40,20
593.181542,26403.49885,100000,62000,793884.5101,982881.1905,13000,156000,1590.296011,0,157590.296,593148.8371,100,100,100
57427.92818,20665.79557,130000,0,0,208093.7237,5600,67200,0,840,68040,1634971.149,0,10,5
139996.389,12195.4456,40000,0,52390.169,244582.0036,5600,67200,0,840,68040,1931697.81,0,10,5
17783.19542,24374.67809,20000,37000,32691.24704,131849.1206,8000,96000,19771.06277,0,115771.0628,801270.8091,0,40,20
113874.4563,14517.32817,80000,0,518095.4759,726487.2603,9100,109200,0,0,109200,1893164.449,90,10,50
174219.3454,8406.714543,80000,0,516572.9817,779199.0417,9100,109200,0,0,109200,262190.0239,100,100,100
51355.03411,20683.05028,80000,0,516371.0739,668409.1583,9100,109200,0,0,109200,1889706.826,90,10,50
139651.0287,11778.07645,40000,0,51486.35864,242915.4638,5600,67200,0,840,68040,1119465.918,80,20,50
221578.8912,3377.584349,80000,53000,510709.4694,868665.9449,9100,109200,0,0,109200,794023.2424,100,50,75
98348.10836,15656.80225,80000,0,63729.03272,257733.9433,5600,67200,0,840,68040,1402999.715,0,10,5
118322.9006,13273.92464,100000,0,125531.0735,357127.8988,5600,67200,0,840,68040,795019.2468,100,20,60
74770.01455,17300.02164,20000,0,41295.0385,153365.0747,3200,38400,0,480,38880,1376393.996,0,0,0
148528.9819,9821.465692,130000,0,0,288350.4476,5600,67200,0,840,68040,804116.4213,90,20,55
147437.5721,9868.670091,100000,68000,0,325306.2421,13000,156000,14215.24577,0,170215.2458,271116.568,100,100,100
36773.49987,20886.71493,20000,0,40940.10819,118600.323,3200,38400,0,480,38880,1060436.594,0,10,5
88778.71366,15538.2415,80000,0,488322.2573,672639.2125,13000,156000,17555.36653,0,173555.3665,1134381.093,100,50,75
144799.005,9643.104957,80000,0,482460.1092,716902.2192,9100,109200,0,0,109200,1305381.708,100,20,60
208376.4523,3082.702074,130000,0,0,341459.1544,13000,156000,5676.764482,0,161676.7645,1336120.147,80,40,60
168558.1109,6882.137052,80000,0,474758.9628,730199.2108,9100,109200,0,0,109200,1886303.802,90,10,50
176718.5688,6046.036906,130000,0,0,312764.6057,5600,67200,0,840,68040,212335.7546,100,100,100
187196.3593,4962.241865,130000,0,0,322158.6011,9100,109200,0,0,109200,560163.3659,100,80,90
200887.8675,3517.580248,40000,0,47212.73399,291618.1817,5600,67200,0,840,68040,844017.1675,90,20,55
155189.9882,7852.786752,130000,81000,0,374042.775,9100,109200,0,0,109200,1885097.283,0,10,5
159328.5923,7101.071797,130000,87000,0,383429.6641,9100,109200,0,0,109200,207528.1927,100,100,100
83819.97848,14588.70056,130000,0,0,228408.679,9100,109200,0,0,109200,1046751.312,80,40,60
5525.561469,22201.84169,0,26000,22754.39783,76481.80099,8000,96000,17995.57899,0,113995.579,688412.0123,0,50,25
150098.7759,7693.906863,20000,0,28379.73057,206172.4133,5600,67200,0,0,67200,171690.7878,100,100,100
161845.3516,6436.644435,130000,0,0,298281.996,5600,67200,0,840,68040,1203454.864,80,10,45
221923.8831,286.7054811,20000,35000,28098.86723,305309.4558,5600,67200,0,0,67200,218056.6544,100,100,100
45418.3313,17529.4205,130000,0,0,192947.7518,9100,109200,0,0,109200,211987.098,100,100,100
133579.4145,8706.559174,100000,0,110322.5031,352608.4768,5600,67200,0,840,68040,854260.8646,100,20,60
183867.5929,3460.008309,0,0,21846.76759,209174.3688,5600,67200,0,0,67200,516225.2897,100,50,75
150408.1837,6769.523967,130000,0,0,287177.7076,9100,109200,0,0,109200,1734774.022,0,20,10
27988.32366,18893.3325,100000,0,0,146881.6562,5600,67200,0,840,68040,243107.9863,100,100,100
38168.97446,17868.75316,80000,0,433713.0122,569750.7398,9100,109200,0,0,109200,614967.2349,100,70,85
151629.3579,6360.847502,40000,41000,107618.9164,346609.1218,9100,109200,0,0,109200,1999139.412,0,10,5
72452.41156,14115.92448,20000,0,26701.45705,133269.7931,5600,67200,0,0,67200,699423.2534,0,40,20
201149.4848,1233.597921,40000,44000,106742.732,393125.8147,13000,156000,27407.9348,0,183407.9348,1954076.505,80,20,50
132747.5789,7854.895866,130000,72000,0,342602.4748,13000,156000,17429.02885,0,173429.0289,1970776.524,0,20,10
183441.6958,2717.613134,100000,67000,0,353159.309,13000,156000,16535.61981,0,172535.6198,1277712.984,80,50,65
31676.70821,17671.94508,130000,0,0,179348.6533,9100,109200,0,0,109200,1522019.855,0,20,10
178931.7403,2871.408553,100000,0,103822.9129,385626.0618,5600,67200,0,840,68040,1053242.016,90,20,55
48772.41094,15842.59435,40000,0,41439.67089,146054.6762,5600,67200,0,840,68040,1106910.982,0,20,10
75090.69159,13166.15557,130000,0,0,218256.8472,5600,67200,0,840,68040,746944.9848,80,20,50
165878.7743,4054.741916,130000,0,0,299933.5162,9100,109200,0,0,109200,800448.8224,90,50,70
22592.15133,18300.93578,130000,0,0,170893.0871,5600,67200,0,840,68040,1425056.432,0,10,5
38481.47877,16580.66063,80000,0,51072.02128,186134.1607,5600,67200,0,840,68040,1244431.879,0,10,5
59651.15805,14296.74358,100000,68000,0,241947.9016,9100,109200,0,0,109200,926494.4023,80,40,60
196504.7937,608.5151071,80000,0,405179.8896,682293.1985,9100,109200,0,0,109200,1615343.972,100,20,60
88930.11574,11164.96184,20000,33000,25072.46677,178167.5444,5600,67200,0,0,67200,518907.015,90,50,70
73526.89041,12332.77808,80000,0,49213.66781,215073.3363,5600,67200,0,840,68040,1460606.98,0,10,5
22070.05289,17418.84446,100000,64000,588775.4924,792264.3897,13000,156000,16901.64541,0,172901.6454,532720.0464,100,100,100
96859.48039,9902.180413,100000,0,0,206761.6608,5600,67200,0,840,68040,940493.7808,80,20,50
99075.03319,9522.884646,20000,0,24287.98496,152885.9028,8000,96000,10688.20129,0,106688.2013,1794432.447,60,10,35
92989.95927,10123.44533,130000,70000,0,303113.4046,9100,109200,0,0,109200,1103322.037,80,40,60
129365.8449,6361.778955,20000,38000,24122.9543,217850.5781,5600,67200,0,0,67200,1936004.289,0,10,5
84038.48962,10852.59814,40000,0,96282.23552,231173.3233,9100,109200,0,0,109200,1865635.446,0,10,5
95634.74989,9480.423203,0,27000,19043.89819,151159.0713,8000,96000,4177.188799,0,100177.1888,1163966.92,0,20,10
53092.75197,13714.05705,130000,0,0,196806.809,13000,156000,26762.72144,0,182762.7214,1196051.745,0,50,25
137655.406,5201.516659,100000,0,94835.28629,337692.2089,5600,67200,0,840,68040,1524763.841,80,10,45
10605.45094,17878.47699,80000,0,378780.4417,487264.3696,9100,109200,0,0,109200,534201.6334,100,80,90
176627.349,1212.815823,40000,40000,94377.75361,352217.9184,9100,109200,0,0,109200,1888229.429,0,10,5
104867.3995,8348.326885,20000,0,31391.77807,164607.5045,3200,38400,0,480,38880,1747814.507,60,0,30
99245.3645,8832.563957,130000,0,0,238077.9285,5600,67200,0,840,68040,1553439.989,0,10,5
125264.0821,6148.223761,130000,0,0,261412.3059,5600,67200,0,840,68040,1416385.219,0,10,5
118898.489,6700.404703,40000,0,37180.50721,202779.4009,5600,67200,0,840,68040,499733.3943,100,50,75
88497.69721,9634.550487,130000,0,0,228132.2477,9100,109200,0,0,109200,888789.0172,80,50,65
118105.4468,6663.987089,130000,0,0,254769.4339,9100,109200,0,0,109200,355759.5018,100,100,100
125795.5268,5848.526646,40000,0,36856.15866,208500.2121,5600,67200,0,840,68040,822670.497,80,20,50
175862.7807,778.534538,100000,68000,0,344641.3152,9100,109200,0,0,109200,902891.4548,90,50,70
144810.4099,3760.546449,100000,0,0,248570.9564,5600,67200,0,840,68040,1736887.669,0,10,5
81213.38113,10115.44037,80000,0,364735.5697,536064.3913,13000,156000,25874.74762,0,181874.7476,1309807.323,100,40,70
86432.14973,9588.754561,80000,52000,364639.3907,592660.295,9100,109200,0,0,109200,543798.9341,100,80,90
134541.5394,4739.446284,80000,0,363872.0045,583152.9902,13000,156000,746.2741093,0,156746.2741,167316.0075,100,100,100
54605.63675,12723.48686,100000,61000,545521.516,773850.6396,13000,156000,19210.77935,0,175210.7793,534341.7716,100,100,100
96581.79175,8418.641932,100000,0,90384.10553,295384.5392,5600,67200,0,840,68040,1214806.256,80,10,45
108484.3989,7204.711614,80000,0,361063.0301,556752.1407,13000,156000,27682.22592,0,183682.2259,857547.3796,100,80,90
92720.4837,8710.264868,80000,0,44955.7831,226386.5317,5600,67200,0,840,68040,1112840.066,80,20,50
134417.3589,4519.397489,0,25000,17961.13338,181897.8898,5600,67200,0,0,67200,1283317.135,0,10,5
5561.695865,17257.76208,0,29000,17813.93166,69633.3896,8000,96000,26243.74651,0,122243.7465,1510194.859,60,20,40
149153.8185,2801.381671,80000,0,44291.90881,276247.109,5600,67200,0,840,68040,1306438.539,80,10,45
120820.792,5572.611311,100000,0,88273.45255,314666.8558,5600,67200,0,840,68040,1696358.909,0,10,5
96651.25807,7959.790119,100000,0,0,204611.0482,13000,156000,24421.6407,0,180421.6407,455490.6369,100,100,100
45142.33041,13010.37699,100000,69000,0,227152.7074,13000,156000,19746.82188,0,175746.8219,1236974.902,0,50,25
151382.7622,2363.653288,100000,69000,0,322746.4155,9100,109200,0,0,109200,1416794.355,80,20,50
112155.8709,6263.695994,100000,65000,0,283419.5669,13000,156000,25328.88618,0,181328.8862,553218.8248,100,100,100
106095.7773,6786.247849,130000,0,0,242882.0252,5600,67200,0,840,68040,882736.8494,80,20,50
24065.73329,14955.58958,0,0,17362.16291,56383.48578,5600,67200,0,0,67200,346015.6009,0,80,40
173072.1989,1.225990667,20000,39000,21635.55735,253708.9822,5600,67200,0,0,67200,1562458.017,0,10,5
164825.134,805.8440139,80000,0,43220.89353,288851.8715,5600,67200,0,840,68040,9245.00733,100,100,100
60279.37938,11238.14822,40000,48000,86330.4308,245847.9584,9100,109200,0,0,109200,1547012.042,0,20,10
155640.6143,1664.235228,100000,61000,516848.8997,835153.7492,9100,109200,0,0,109200,123810.1409,100,100,100
142527.296,2880.513491,40000,0,34266.48618,219674.2957,5600,67200,0,840,68040,1537727.86,0,10,5
155764.0626,1534.804319,100000,0,513336.3175,770635.1844,13000,156000,8336.595762,0,164336.5958,1806063.367,100,20,60
5506.640927,16440.15213,130000,0,0,151946.7931,5600,67200,0,840,68040,1481091.022,0,10,5
119872.3633,4936.186328,130000,76000,0,330808.5497,9100,109200,0,0,109200,547310.5582,100,80,90
74999.66075,9304.699318,130000,84000,0,298304.3601,9100,109200,0,0,109200,997073.6998,80,40,60
165620.7641,227.548214,20000,0,27982.70771,213831.02,3200,38400,0,480,38880,6962.208019,100,100,100
86596.84855,8125.642407,100000,66000,0,260722.491,9100,109200,0,0,109200,500342.7658,100,100,100
148684.852,1865.44424,0,0,16733.92944,167284.2257,5600,67200,0,0,67200,286541.6909,100,100,100
97311.1169,6968.643489,80000,0,333995.1036,518274.864,9100,109200,0,0,109200,364689.7047,100,100,100
122106.0012,4476.365285,20000,0,27811.60902,174393.9755,3200,38400,0,480,38880,1751241.781,60,0,30
139254.5134,2742.380571,20000,34000,20834.78989,216831.6839,5600,67200,0,0,67200,1525855.063,0,10,5
71109.17474,9501.696743,100000,65000,0,245610.8715,9100,109200,0,0,109200,896135.6716,80,50,65
93097.20769,7176.359998,0,25000,16486.08077,141759.6485,5600,67200,0,0,67200,1017891.542,0,20,10
19208.26821,14496.15509,40000,0,32833.96381,106538.3871,5600,67200,0,840,68040,546420.0954,0,50,25
82889.50466,8055.112703,100000,61000,490321.8951,742266.5125,9100,109200,0,0,109200,16176.84892,100,100,100
113697.3799,4868.766947,100000,0,81192.5247,299758.6716,5600,67200,0,840,68040,89653.75295,100,100,100
116493.8948,4572.642243,100000,0,81110.15859,302176.6956,5600,67200,0,840,68040,875923.8164,90,20,55
144396.3422,1665.516063,130000,0,0,276061.8582,5600,67200,0,840,68040,629500.6371,100,40,70
154809.4326,353.2003332,130000,88000,0,373162.633,9100,109200,0,0,109200,220351.2739,100,100,100
150902.8474,727.8290165,20000,0,19772.64219,191403.3186,5600,67200,0,0,67200,250755.7424,100,100,100
107375.554,5076.567943,130000,0,0,242452.122,9100,109200,0,0,109200,572148.3778,100,80,90
50444.98166,10753.62944,100000,0,473943.8282,635142.4393,9100,109200,0,0,109200,155117.214,100,100,100
13732.63819,14388.95011,40000,0,31524.42787,99646.01618,5600,67200,0,840,68040,7068.283707,100,100,100
23991.51779,13351.09093,40000,0,78751.21355,156093.8223,9100,109200,0,0,109200,1509008.302,0,20,10
74421.55154,8189.125649,80000,57000,312625.6161,532236.2933,9100,109200,0,0,109200,1274105.523,100,20,60
113643.0146,4154.838642,20000,0,25865.23351,163663.0868,3200,38400,0,480,38880,1975973.611,60,0,30
46392.86404,10846.5662,130000,0,0,187239.4302,5600,67200,0,840,68040,70883.31175,100,100,100
95638.88591,5842.019425,40000,42000,77029.54008,260510.4454,9100,109200,0,0,109200,1689693.579,0,20,10
47720.082,10502.28456,0,0,15274.29276,73496.65933,5600,67200,0,0,67200,1977907.764,60,10,35
2500.375042,14943.52624,130000,76000,0,223443.9013,9100,109200,0,0,109200,1348518.571,0,20,10
102337.8275,4788.295768,0,27000,15022.07851,149148.2017,5600,67200,0,0,67200,849622.7625,0,20,10
35158.93251,11360.9958,130000,0,0,176519.9283,5600,67200,0,840,68040,1430635.714,0,10,5
23135.55655,12426.9433,100000,0,0,135562.4998,9100,109200,0,0,109200,1047543.092,0,40,20
4849.572941,14207.2816,100000,60000,440767.1668,619824.0213,13000,156000,9850.715852,0,165850.7159,940458.7219,100,70,85
37580.31918,10924.93013,130000,0,0,178505.2493,9100,109200,0,0,109200,271837.2882,100,100,100
113328.2751,3320.530487,100000,0,0,216648.8056,13000,156000,17738.39578,0,173738.3958,955489.4989,80,70,75
103436.5419,4274.608677,130000,73000,0,310711.1506,9100,109200,0,0,109200,1871404.357,0,10,5
66608.41201,7576.525284,130000,0,0,204184.9373,9100,109200,0,0,109200,1390511.107,0,20,10
122061.4579,2018.635565,20000,39000,17780.97669,200861.0701,5600,67200,0,0,67200,537120.6561,90,50,70
48407.52954,9333.756079,0,27000,14174.50903,98915.79465,5600,67200,0,0,67200,1664359.919,60,10,35
30782.05718,11022.9412,100000,64000,423034.4075,628839.4059,9100,109200,0,0,109200,566354.8012,100,80,90
91442.13097,4944.451005,80000,0,281773.282,458159.864,9100,109200,0,0,109200,1238671.273,90,20,55
137057.7745,363.2756754,130000,0,0,267421.0501,5600,67200,0,840,68040,839812.5888,90,20,55
14625.9779,12604.64771,100000,0,0,127230.6256,5600,67200,0,840,68040,1576484.297,60,10,35
94813.03224,4585.942278,100000,0,0,199398.9745,5600,67200,0,840,68040,1545729.374,0,10,5
92757.78454,4789.693533,20000,0,17581.83998,135129.3181,5600,67200,0,0,67200,1721111.297,60,10,35
65009.28414,7527.197447,130000,0,0,202536.4816,13000,156000,12618.234,0,168618.234,722135.7328,80,100,90
80057.93821,5990.374669,130000,71000,0,287048.3129,9100,109200,0,0,109200,1992426.517,0,10,5
119781.8681,1989.639555,130000,87000,0,338771.5076,9100,109200,0,0,109200,1952062.124,0,10,5
20297.99093,11922.09974,130000,0,0,162220.0907,9100,109200,0,0,109200,444911.5489,90,100,95
40543.36247,9842.822377,20000,0,23161.93104,93548.11588,3200,38400,0,480,38880,1904718.067,60,0,30
58127.31092,8075.628171,130000,0,0,196202.9391,9100,109200,0,0,109200,465174.2715,100,100,100
102887.1552,3538.082324,80000,0,276535.9568,462961.1943,9100,109200,0,0,109200,1638320.674,80,20,50
17673.86726,12033.11535,40000,44000,69002.51037,182709.493,9100,109200,0,0,109200,1094695.005,0,40,20
86234.98986,5096.615125,80000,0,274402.2822,445733.8872,9100,109200,0,0,109200,1086484.86,100,40,70
75580.69089,6095.913389,40000,47000,68269.91239,236946.5167,13000,156000,22366.18899,0,178366.189,1445259.357,0,40,20
80379.35641,5596.981554,130000,0,0,215976.338,5600,67200,0,840,68040,680198.1863,90,40,65
37229.01504,9870.440415,40000,0,27186.68384,114286.1393,5600,67200,0,840,68040,1676961.091,60,10,35
97258.98807,3702.165187,40000,0,67140.31997,208101.4732,9100,109200,0,0,109200,1925867.643,0,10,5
38914.7664,9517.760814,20000,0,16761.54682,85194.07403,5600,67200,0,0,67200,38863.54004,100,100,100
83161.05179,4941.530877,40000,0,66288.18028,194390.7629,13000,156000,11398.4951,0,167398.4951,1974631.351,60,20,40
94860.43043,3700.516002,130000,0,0,228560.9464,9100,109200,0,0,109200,1828931.515,0,10,5
55936.83198,7575.993352,130000,0,0,193512.8253,9100,109200,0,0,109200,1022610.866,0,40,20
44038.6013,8733.790837,80000,59000,262753.0193,454525.4115,13000,156000,538.3532525,0,156538.3533,606231.7066,100,100,100
87384.9045,4333.608686,100000,0,392162.9741,583881.4873,9100,109200,0,0,109200,1961972.159,80,10,45
44956.11971,8574.815969,100000,0,0,153530.9357,9100,109200,0,0,109200,830640.5548,0,50,25
22379.26906,10810.70727,80000,0,260972.6835,374162.6598,13000,156000,6376.456158,0,162376.4562,618765.3333,100,100,100
93894.84746,3624.020195,20000,39000,16266.88118,172785.7488,5600,67200,0,0,67200,1076987.675,0,20,10
45493.2403,8390.750582,130000,0,0,183883.9909,5600,67200,0,840,68040,23490.87611,100,100,100
125791.8845,249.7004387,20000,0,16036.11111,162077.696,8000,96000,19938.89919,0,115938.8992,509266.6719,90,80,85
40900.07926,8697.57853,40000,0,63937.93228,153535.5901,13000,156000,24077.90776,0,180077.9078,562529.9687,80,100,90
22589.12079,10515.47534,130000,85000,0,248104.5961,9100,109200,0,0,109200,604664.4146,100,80,90
84984.96219,4274.254105,40000,0,25545.50065,154804.7169,5600,67200,0,840,68040,587163.821,80,40,60
62538.30096,6458.006821,40000,0,25423.67383,134419.9816,5600,67200,0,840,68040,1965797.259,60,10,35
92904.29627,3419.770199,130000,76000,0,302324.0665,9100,109200,0,0,109200,1601934.891,0,20,10
10090.38709,11660.13154,100000,0,0,121750.5186,5600,67200,0,840,68040,1834614.318,60,10,35
100588.5032,2541.596234,20000,38000,15750.55819,176880.6576,5600,67200,0,0,67200,1997749.391,60,10,35
10481.14129,11496.91009,40000,0,25090.04844,87068.09982,5600,67200,0,840,68040,1037648.084,60,20,40
24743.50966,9945.742787,130000,0,0,164689.2524,5600,67200,0,840,68040,1280797.352,0,10,5
36380.95554,8574.633407,130000,82000,0,256955.589,9100,109200,0,0,109200,554973.1029,100,80,90
9435.588035,11176.70865,100000,63000,363608.0237,547220.3204,9100,109200,0,0,109200,94195.06446,100,100,100
100017.185,2018.618228,130000,0,0,232035.8032,9100,109200,0,0,109200,401373.9047,100,100,100
62029.15997,5762.134819,130000,0,0,197791.2948,13000,156000,4549.213441,0,160549.2134,744829.0921,80,80,80
35291.39287,8382.365029,130000,74000,0,247673.7579,9100,109200,0,0,109200,1955269.327,0,10,5
69560.38926,4875.418488,100000,0,59157.28707,233593.0948,5600,67200,0,840,68040,6626.06327,100,100,100
38722.21159,7890.444349,130000,0,0,176612.6559,9100,109200,0,0,109200,1874555.071,60,10,35
85121.85996,3233.324169,130000,0,0,218355.1841,9100,109200,0,0,109200,1257754.529,0,20,10
109409.0823,739.2206358,20000,0,19466.88144,149615.1844,3200,38400,0,480,38880,1816517.994,60,0,30
27763.74356,8699.732109,130000,0,0,166463.4757,9100,109200,0,0,109200,466483.964,90,100,95
81675.70188,3193.564778,80000,0,227222.6993,392091.966,9100,109200,0,0,109200,1478340.809,80,20,50
80652.09632,3242.481151,80000,52000,226153.8157,442048.3931,13000,156000,12870.36217,0,168870.3622,108827.9037,100,100,100
76224.01275,3544.005191,20000,0,13958.00808,113726.026,5600,67200,0,0,67200,285927.7899,90,100,95
34962.84202,7615.706059,130000,0,0,172578.5481,5600,67200,0,840,68040,1693631.235,0,10,5
47393.24551,6246.234578,40000,0,21971.11826,115610.5983,5600,67200,0,840,68040,216045.9024,100,100,100
78653.49674,3084.227571,40000,0,21899.15449,143636.8788,5600,67200,0,840,68040,1756087.484,60,10,35
15801.47328,9366.428584,130000,0,0,155167.9019,5600,67200,0,840,68040,93954.022,100,100,100
14179.6652,9488.227828,40000,0,54530.97174,118198.8648,13000,156000,7004.361544,0,163004.3615,521978.7527,80,100,90
102064.8998,586.4040694,40000,0,21585.78809,164237.0919,5600,67200,0,840,68040,1145759.751,0,10,5
20832.0338,8705.239825,100000,0,0,129537.2736,9100,109200,0,0,109200,581099.1108,80,80,80
90514.1016,1699.908609,0,0,10751.31877,102965.329,5600,67200,0,0,67200,656536.4124,0,40,20
76276.51572,3024.520905,130000,0,0,209301.0366,5600,67200,0,840,68040,1794522.76,0,10,5
52505.68582,5376.501842,130000,0,0,187882.1877,9100,109200,0,0,109200,1507706.893,0,20,10
98725.43017,744.2103258,20000,0,13270.94168,132740.5822,8000,96000,4543.899143,0,100543.8991,1761598.475,60,10,35
5384.19169,10069.48365,130000,0,0,145453.6753,5600,67200,0,840,68040,432087.0132,90,70,80
4128.804074,10172.93875,80000,0,26464.54789,120766.2907,5600,67200,0,840,68040,334823.3004,90,80,85
30791.88739,7447.831583,20000,31000,13158.7754,102398.4944,5600,67200,0,0,67200,513588.916,0,50,25
56579.16148,4811.925379,40000,45000,52349.20764,198740.2945,9100,109200,0,0,109200,1106473.71,0,40,20
32922.64349,7171.745044,130000,0,0,170094.3885,5600,67200,0,840,68040,1236080.266,0,10,5
86624.99036,1785.412301,100000,0,0,188410.4027,5600,67200,0,840,68040,146989.9698,100,100,100
64220.90837,3880.051236,0,0,10302.14207,78403.10168,5600,67200,0,0,67200,1680637.461,60,10,35
82173.00537,1822.020305,20000,30000,12549.15105,146544.1767,5600,67200,0,0,67200,555143.3463,80,50,65
73277.62853,2681.442345,80000,0,25023.013,180982.0839,5600,67200,0,840,68040,886142.1395,80,20,50
18189.11862,8098.718588,20000,0,16529.38408,62817.22129,3200,38400,0,480,38880,73507.5127,100,100,100
15178.61244,8376.952258,130000,0,0,153555.5647,5600,67200,0,840,68040,1137780.88,0,10,5
90190.24214,810.2715636,40000,0,49146.47889,180146.9926,9100,109200,0,0,109200,1697334.519,0,20,10
85582.10734,1214.264362,100000,0,0,186796.3717,9100,109200,0,0,109200,1142349.241,0,40,20
15370.72411,8110.881491,80000,0,192959.078,296440.6837,9100,109200,0,0,109200,954385.7182,90,40,65
29395.2266,6657.681438,130000,72000,0,238052.908,9100,109200,0,0,109200,1556190.31,0,20,10
36506.74914,5869.210766,100000,0,285596.5704,427972.5303,13000,156000,3955.341737,0,159955.3417,990030.5877,100,70,85
86312.8427,803.1316447,0,27000,9434.415915,123550.3903,8000,96000,3257.143757,0,99257.14376,1067580.17,0,20,10
649.021925,9317.843055,40000,0,46913.72624,96880.59122,9100,109200,0,0,109200,1827696.331,60,10,35
38941.97633,5404.953682,130000,0,0,174346.93,5600,67200,0,840,68040,229263.5527,100,100,100
80987.77657,1110.163153,100000,60000,276268.2243,518366.164,13000,156000,10097.89663,0,166097.8966,1800076.645,80,20,50
6737.717915,8439.75734,130000,0,0,145177.4753,5600,67200,0,840,68040,1631345.478,60,10,35
47345.2598,4264.730827,100000,61000,269977.7042,482587.6948,13000,156000,15088.33582,0,171088.3358,1137462.653,100,50,75
7863.593665,8129.235296,40000,43000,44577.97331,143570.8023,9100,109200,0,0,109200,1031849.253,0,40,20
20345.50068,6870.096552,40000,0,44523.2331,111738.8303,9100,109200,0,0,109200,1929803.779,60,10,35
13282.28621,7557.250399,130000,87000,0,237839.5366,13000,156000,4712.131704,0,160712.1317,1045528.534,80,50,65
49442.59754,3916.628802,20000,33000,11076.1107,117435.337,5600,67200,0,0,67200,1971786.257,60,10,35
73643.85405,1469.184204,130000,0,0,205113.0383,13000,156000,22747.57427,0,178747.5743,1726142.892,0,40,20
71656.48137,1651.550567,40000,43000,44085.99352,200394.0255,9100,109200,0,0,109200,1322898.553,0,20,10
53113.65344,3504.469119,100000,66000,0,222618.1226,13000,156000,1028.041107,0,157028.0411,254620.3627,100,100,100
39764.86177,4802.547856,20000,0,10973.79254,75541.20216,5600,67200,0,0,67200,652613.8175,0,40,20
67656.65861,1949.453432,80000,0,174302.3859,323908.4979,9100,109200,0,0,109200,663275.1745,100,70,85
16000.32927,7086.573707,80000,0,21716.51659,124803.4196,5600,67200,0,840,68040,1871103.195,60,10,35
47877.12684,3827.066606,100000,61000,258443.3787,471147.5721,9100,109200,0,0,109200,86145.88763,100,100,100
54704.69509,3049.767807,130000,77000,0,264754.4629,13000,156000,11066.10991,0,167066.1099,304569.3609,100,100,100
46439.55016,3868.182113,130000,0,0,180307.7323,5600,67200,0,840,68040,1371810.427,0,10,5
42601.73168,4155.085721,130000,0,0,176756.8174,9100,109200,0,0,109200,948381.6216,0,40,20
56344.90252,2779.438502,130000,0,0,189124.341,9100,109200,0,0,109200,102650.5519,100,100,100
18780.81774,6385.848566,40000,0,41319.6517,106486.318,9100,109200,0,0,109200,1746672.339,60,20,40
6105.685041,7653.361836,130000,0,0,143759.0469,5600,67200,0,840,68040,314782.7143,100,100,100
33048.50176,4897.706324,130000,0,0,167946.2081,5600,67200,0,840,68040,965719.7259,0,20,10
67828.88606,1358.43048,130000,77000,0,276187.3165,9100,109200,0,0,109200,1893283.987,0,10,5
51216.44164,3002.41726,20000,31000,10155.07678,115373.9357,5600,67200,0,0,67200,551299.2877,80,50,65
12736.61577,6781.369199,40000,42000,40275.15388,141793.1388,9100,109200,0,0,109200,1534812.319,60,20,40
12555.45584,6775.645062,80000,0,160623.8129,259954.9138,9100,109200,0,0,109200,528061.7935,100,80,90
4922.217277,7527.065906,20000,0,13365.47939,45814.76257,3200,38400,0,480,38880,504825.3739,60,20,40
54900.18565,2472.397228,100000,68000,0,225372.5829,9100,109200,0,0,109200,338800.1423,100,100,100
74701.04912,490.997798,80000,0,19902.75678,175094.8037,5600,67200,0,840,68040,728536.5996,80,40,60
68478.2184,1020.95579,100000,0,236063.3289,405562.5031,13000,156000,18185.25001,0,174185.25,1170168.597,90,50,70
57259.56062,2113.86553,40000,0,39199.10796,138572.5341,9100,109200,0,0,109200,119787.6725,100,100,100
40128.62567,3808.541758,20000,0,13035.67387,76972.8413,3200,38400,0,480,38880,228699.356,90,70,80
54896.2525,2174.464912,20000,34000,9580.112703,120650.8301,5600,67200,0,0,67200,1468017.343,60,10,35
48682.75674,2767.063087,100000,0,0,151449.8198,9100,109200,0,0,109200,606156.8555,80,80,80
18368.05485,5792.001967,20000,0,12714.67909,56874.73591,3200,38400,0,480,38880,1271669.579,60,10,35
51562.30429,2450.373984,130000,0,0,184012.6783,5600,67200,0,840,68040,1076166.755,0,20,10
33271.74134,4253.356202,80000,0,151610.6067,269135.7043,9100,109200,0,0,109200,1494894.25,0,20,10
59012.0619,1675.419004,80000,0,18941.56298,159629.0439,5600,67200,0,840,68040,1074519.354,0,20,10
36269.38042,3945.764956,20000,0,12621.17166,72836.31704,3200,38400,0,480,38880,1632735.817,60,0,30
64036.75933,1146.892238,130000,0,0,195183.6516,9100,109200,0,0,109200,1699912.748,0,20,10
38137.12297,3731.637648,80000,56000,150906.9989,328775.7595,13000,156000,25352.5347,0,181352.5347,896317.094,90,70,80
48941.61392,2577.041997,40000,0,14942.40678,106461.0627,5600,67200,0,840,68040,315433.1255,90,100,95
73602.14713,96.71529386,130000,0,0,203698.8624,13000,156000,18336.16575,0,174336.1657,1157180.031,0,50,25
18523.92913,5429.760634,100000,0,36410.76773,160364.4575,5600,67200,0,840,68040,947090.9286,0,20,10
58656.20009,1382.973183,100000,60000,217457.7958,437496.969,9100,109200,0,0,109200,1339016.024,90,20,55
2277.814248,6980.873581,20000,0,12014.42501,41273.11284,3200,38400,0,480,38880,845249.6267,60,10,35
11471.06197,6049.952752,80000,0,17992.64737,115513.6621,5600,67200,0,840,68040,511028.6585,80,50,65
7049.456586,6468.955281,130000,0,0,143518.4119,9100,109200,0,0,109200,498461.4526,80,100,90
47296.60769,2410.799188,130000,0,0,179707.4069,5600,67200,0,840,68040,382514.2824,100,70,85
4798.827292,6625.908426,80000,0,142115.8231,233540.5588,9100,109200,0,0,109200,406100.1848,100,100,100
41399.82048,2963.234101,100000,0,213096.4845,357459.539,9100,109200,0,0,109200,1278152.579,80,20,50
17738.03996,5272.98369,0,0,7046.787687,30057.81134,5600,67200,0,0,67200,1022716.091,60,20,40
26496.43399,4388.174396,20000,0,11729.69633,62614.30472,3200,38400,0,480,38880,25057.70157,100,100,100
49510.84558,2059.840616,0,0,8763.656467,60334.34266,3200,38400,0,480,38880,40241.03065,100,100,100
64177.17441,357.2791226,20000,38000,8468.745705,131003.1992,5600,67200,0,0,67200,1348608.926,60,10,35
53445.34386,1416.49575,40000,49000,33805.15068,177666.9903,13000,156000,13769.49914,0,169769.4991,1230966.097,0,50,25
30582.13802,3673.6045,20000,0,11219.69717,65475.4397,3200,38400,0,480,38880,1515243.579,60,0,30
31682.6309,3540.738264,130000,88000,0,253223.3692,9100,109200,0,0,109200,1811222.894,0,20,10
45271.11392,2179.332009,40000,0,13412.8868,100863.3327,5600,67200,0,840,68040,389114.062,80,70,75
7070.254949,5999.417906,130000,0,0,143069.6729,9100,109200,0,0,109200,160855.9433,100,100,100
36747.51675,3026.626977,130000,71000,0,240774.1437,9100,109200,0,0,109200,1761845.237,0,20,10
62402.48892,431.9861387,80000,0,16680.58758,159515.0626,5600,67200,0,840,68040,1580748.242,0,10,5
31150.44495,3457.259805,80000,0,16430.76075,131038.4655,5600,67200,0,840,68040,1594673.32,60,10,35
46385.32032,1861.842606,100000,0,0,148247.1629,5600,67200,0,840,68040,1640036.277,60,10,35
52553.65972,1226.113914,80000,0,129629.5977,263409.3714,9100,109200,0,0,109200,1430644.572,0,20,10
10232.20818,5450.704578,0,0,6473.925396,22156.83815,5600,67200,0,0,67200,458271.5544,60,50,55
5713.729888,5902.552407,20000,0,10789.87566,42406.15795,3200,38400,0,480,38880,689945.9728,60,10,35
15031.13369,4963.257537,80000,0,16165.92726,116160.3185,5600,67200,0,840,68040,293731.5888,90,100,95
19349.96806,4492.356777,100000,0,192820.6075,316662.9323,9100,109200,0,0,109200,690715.7956,100,70,85
13409.95503,5075.03487,130000,72000,0,220484.9899,9100,109200,0,0,109200,1305078.225,0,20,10
48480.96006,1561.658854,130000,0,0,180042.6189,13000,156000,6911.018355,0,162911.0184,642751.4961,80,100,90
52317.74246,1107.653937,130000,0,0,183425.3964,5600,67200,0,840,68040,1058602.562,0,20,10
35826.0705,2755.559209,40000,41000,31690.83129,151272.461,9100,109200,0,0,109200,1765646.622,60,20,40
5358.896658,5789.725566,130000,0,0,141148.6222,9100,109200,0,0,109200,1610743.199,60,20,40
48617.01188,1387.482383,80000,0,124983.6714,254988.1657,13000,156000,29407.57959,0,185407.5796,323373.7219,100,100,100
51458.60881,1098.326153,130000,0,0,182556.935,5600,67200,0,840,68040,1044450.905,0,20,10
11699.12233,5060.513009,130000,0,0,146759.6353,13000,156000,8885.651526,0,164885.6515,535123.0089,80,100,90
19747.14998,4209.462439,130000,0,0,153956.6124,5600,67200,0,840,68040,1631228.484,60,10,35
9236.604822,5219.316845,130000,0,0,144455.9217,5600,67200,0,840,68040,825918.7606,0,20,10
6441.798164,5488.804437,40000,0,30664.92127,82595.52387,9100,109200,0,0,109200,1280096.251,60,20,40
7000.616917,5394.280406,20000,0,7617.927622,40012.82494,5600,67200,0,0,67200,1929257.392,60,10,35
48741.56109,1199.00613,130000,0,0,179940.5672,9100,109200,0,0,109200,857378.034,80,50,65
26439.52874,3312.310875,100000,66000,0,195751.8396,9100,109200,0,0,109200,1500363.732,0,20,10
32982.83185,2655.507875,130000,0,0,165638.3397,9100,109200,0,0,109200,1580657.426,0,20,10
32360.57157,2696.622257,40000,0,11865.35883,86922.55266,5600,67200,0,840,68040,884449.4865,60,20,40
54762.13157,444.0687078,100000,0,29601.40932,184807.6096,5600,67200,0,840,68040,1749474.594,0,10,5
6898.824037,5203.11462,100000,63000,176789.9107,351891.8494,9100,109200,0,0,109200,289624.9161,100,100,100
40642.74642,1800.226776,20000,0,9774.16903,72217.14222,3200,38400,0,480,38880,515748.0543,0,20,10
46292.61421,1174.599437,130000,0,0,177467.2136,13000,156000,8097.440544,0,164097.4405,386389.8927,100,100,100
48361.33466,945.4561409,80000,55000,115631.7921,299938.5829,9100,109200,0,0,109200,878161.5308,90,50,70
17734.52164,3982.199791,80000,53000,115113.0391,269829.7605,9100,109200,0,0,109200,1526838.617,0,20,10
46737.16515,991.8784112,100000,0,0,147729.0436,5600,67200,0,840,68040,449291.7939,90,50,70
37468.62542,1826.407303,130000,0,0,169295.0327,9100,109200,0,0,109200,761138.1262,80,50,65
52952.48787,215.3682419,100000,0,27553.08515,180720.9413,5600,67200,0,840,68040,1412115.134,0,10,5
25451.76033,2940.901693,0,28000,5486.077725,61878.73975,5600,67200,0,0,67200,38715.19338,100,100,100
18161.07894,3620.925329,130000,0,0,151782.0043,9100,109200,0,0,109200,412600.6861,90,100,95
44874.21962,892.0573005,100000,60000,161384.3779,367150.6548,9100,109200,0,0,109200,1288250.734,80,20,50
49046.55917,467.4905437,40000,0,10744.29292,100258.3426,5600,67200,0,840,68040,1537592.579,60,10,35
16357.50883,3733.939943,130000,0,0,150091.4488,5600,67200,0,840,68040,235652.1516,100,100,100
25402.52283,2785.40763,40000,0,10651.31983,78839.25029,5600,67200,0,840,68040,1977893.401,60,10,35
11772.3933,4148.420583,0,0,5325.659913,21246.4738,5600,67200,0,0,67200,1394792.893,60,10,35
39947.34518,1304.049827,20000,0,8831.307241,70082.70225,3200,38400,0,480,38880,909381.3076,60,10,35
5381.236724,4748.450706,130000,0,0,140129.6874,5600,67200,0,840,68040,1116223.393,0,20,10
22094.59361,3066.132869,130000,76000,0,231160.7265,9100,109200,0,0,109200,890735.4526,80,50,65
1801.197558,5074.735995,0,0,5254.855751,12130.7893,5600,67200,0,0,67200,1257841.896,60,10,35
29197.75176,2288.730451,40000,0,10417.01125,81903.49346,5600,67200,0,840,68040,1864492.582,60,10,35
39680.0345,1211.273291,130000,0,0,170891.3078,5600,67200,0,840,68040,1919626.204,60,10,35
28152.07506,2343.366861,100000,0,0,130495.4419,13000,156000,4978.593884,0,160978.5939,667637.3512,0,100,50
17230.7572,3366.161046,100000,0,0,120596.9182,9100,109200,0,0,109200,496768.5332,80,100,90
22291.31801,2824.873414,40000,0,25270.02607,90386.21749,9100,109200,0,0,109200,1556863.269,60,20,40
2441.446553,4758.872012,0,0,5003.016668,12203.33523,5600,67200,0,0,67200,904702.9673,60,20,40
32847.31745,1660.099999,40000,40000,24724.15872,139231.5762,9100,109200,0,0,109200,222325.1762,100,100,100
17658.82331,3170.457006,130000,0,0,150829.2803,9100,109200,0,0,109200,367412.9036,100,100,100
852.6933192,4851.070005,80000,0,98726.78675,184430.5501,13000,156000,11322.74026,0,167322.7403,1328914.712,0,40,20
19153.26508,3004.062122,0,28000,4919.38863,55076.71583,8000,96000,5637.282018,0,101637.282,22181.87385,100,100,100
23319.92135,2559.565957,20000,0,6114.447615,51993.93492,5600,67200,0,0,67200,1462437.264,60,10,35
45560.85613,328.2078899,130000,0,0,175889.064,5600,67200,0,840,68040,1997396.654,60,10,35
19817.50289,2848.109956,40000,0,24149.30123,86814.91408,13000,156000,21118.8736,0,177118.8736,599461.3696,0,100,50
25036.44755,2217.587717,80000,0,94424.64943,201678.6847,13000,156000,14014.7009,0,170014.7009,1570385.885,0,40,20
6553.548542,4027.303673,130000,90000,0,230580.8522,13000,156000,2758.061814,0,158758.0618,1841043.805,0,20,10
25336.06513,2134.591049,0,0,4668.197562,32138.85374,5600,67200,0,0,67200,1161918.104,60,10,35
10680.16225,3483.504535,20000,0,7585.867934,41749.53472,3200,38400,0,480,38880,527685.6888,60,20,40
21127.59756,2276.80842,80000,0,10973.92044,114378.3264,5600,67200,0,840,68040,2831.958338,100,100,100
2461.186232,4089.579044,40000,0,21678.48834,68229.25361,13000,156000,26183.46108,0,182183.4611,1129918.578,60,50,55
37521.27492,582.3764638,80000,51000,86690.07912,255793.7305,9100,109200,0,0,109200,1093686.582,80,40,60
40894.22527,196.0539802,40000,0,21427.38253,102517.6618,9100,109200,0,0,109200,351965.5104,80,100,90
20753.70596,2206.524775,80000,0,85637.90743,188598.1382,9100,109200,0,0,109200,1653654.687,0,20,10
29526.93145,1325.604038,80000,55000,85565.94366,251418.4792,13000,156000,29132.44306,0,185132.4431,860816.1892,80,80,80
26272.2292,1637.943433,20000,34000,5331.457942,87241.63058,8000,96000,5989.957638,0,101989.9576,1404993.028,60,20,40
10969.46594,3010.735067,130000,0,0,143980.201,5600,67200,0,840,68040,1740703.936,60,10,35
11832.0554,2919.718327,80000,0,10257.30967,105009.0834,5600,67200,0,840,68040,73721.14351,100,100,100
13636.51797,2610.760469,80000,0,9936.030665,106183.3091,5600,67200,0,840,68040,510702.8345,80,50,65
38141.36581,154.3412321,20000,0,4960.597266,63256.30431,5600,67200,0,0,67200,422389.9255,0,70,35
31070.41774,860.2423275,20000,0,4959.105127,56889.76519,5600,67200,0,0,67200,1323341.117,60,10,35
14833.75801,2479.150506,20000,0,4953.157884,42266.0664,5600,67200,0,0,67200,215361.5687,0,100,50
1834.389726,3654.463823,130000,0,0,135488.8535,5600,67200,0,840,68040,453541.9279,80,50,65
21350.74307,1689.782924,0,0,3824.857231,26865.38322,8000,96000,12002.87788,0,108002.8779,8108.333814,100,100,100
6593.891031,3155.986646,100000,0,0,109749.8777,5600,67200,0,840,68040,844368.9009,0,20,10
26007.89155,1175.484006,80000,0,9440.682902,116624.0585,5600,67200,0,840,68040,1981393.315,60,10,35
19155.38286,1747.144671,40000,46000,18313.41478,125215.9423,9100,109200,0,0,109200,1701022.031,60,20,40
17031.8617,1929.943894,80000,0,72662.60127,171624.4069,9100,109200,0,0,109200,45394.22766,100,100,100
31291.39196,473.278368,20000,0,6004.029274,57768.6996,3200,38400,0,480,38880,1115114.263,60,10,35
28346.39381,765.424866,130000,90000,0,249111.8187,9100,109200,0,0,109200,657792.8453,90,70,80
29051.69828,681.9000131,40000,0,17935.34921,87668.9475,13000,156000,24920.48767,0,180920.4877,799839.6795,0,80,40
30181.14029,540.6136833,0,0,4448.409641,35170.16362,3200,38400,0,480,38880,1890510.857,60,0,30
12389.65192,2265.499793,130000,76000,0,220655.1517,9100,109200,0,0,109200,1375976.298,0,20,10
3966.273127,3060.686056,100000,68000,0,175026.9592,9100,109200,0,0,109200,606545.3236,80,80,80
19154.61844,1540.674866,130000,0,0,150695.2933,9100,109200,0,0,109200,1586016.335,60,20,40
3171.182646,3121.351511,100000,0,0,106292.5342,13000,156000,9140.612201,0,165140.6122,1967428.293,60,20,40
1938.874942,3221.015,130000,0,0,135159.8899,5600,67200,0,840,68040,869284.3942,0,20,10
9022.529417,2485.569348,100000,0,16939.11145,128447.2102,5600,67200,0,840,68040,1735619.577,60,10,35
21528.30578,1135.026875,130000,0,0,152663.3327,9100,109200,0,0,109200,1294164.087,0,20,10
3047.226576,2946.69248,80000,0,65028.30274,151022.2218,13000,156000,7595.625692,0,163595.6257,1896798.785,60,20,40
30737.81924,175.2969483,20000,30000,4061.348591,84974.46478,5600,67200,0,0,67200,1538513.77,60,10,35
875.3783813,3069.966287,130000,0,0,133945.3447,5600,67200,0,840,68040,63657.20733,100,100,100
24057.35534,749.4152731,130000,73000,0,227806.7706,9100,109200,0,0,109200,1935287.576,0,10,5
21846.52783,957.6059365,130000,89000,0,241804.1338,9100,109200,0,0,109200,1575273.661,0,20,10
3658.525736,2730.669931,100000,0,15482.61253,121871.8082,5600,67200,0,840,68040,1095025.06,0,20,10
27915.83268,273.2888214,40000,0,15324.36045,83513.48195,13000,156000,514.5526677,0,156514.5527,1593222.63,60,40,50
8973.686025,2159.318035,130000,0,0,141133.0041,5600,67200,0,840,68040,1969811.022,60,10,35
27713.21513,230.317957,100000,0,0,127943.5331,9100,109200,0,0,109200,65699.38383,100,100,100
14030.03662,1560.010706,20000,0,3703.767959,39293.81528,8000,96000,4196.804306,0,100196.8043,1509576.441,60,20,40
13799.95062,1571.320929,130000,0,0,145371.2716,13000,156000,26865.58941,0,182865.5894,173842.9617,100,100,100
19351.08694,996.3234693,80000,0,58628.64327,158976.0537,13000,156000,28924.18789,0,184924.1879,160629.1633,100,100,100
3112.123255,2575.779653,40000,0,5773.983958,51461.88687,5600,67200,0,840,68040,955841.7454,60,20,40
27043.91602,159.2206788,130000,0,0,157203.1367,9100,109200,0,0,109200,1408863.841,0,20,10
19838.91429,822.4908976,40000,0,14031.91163,74693.31682,9100,109200,0,0,109200,1200972.313,60,40,50
26204.81395,161.3786807,80000,0,55637.20151,162003.3941,9100,109200,0,0,109200,1840973.052,60,10,35
16646.74775,1061.183164,80000,51000,54517.15879,203225.0897,9100,109200,0,0,109200,1211537.008,0,40,20
20237.15936,689.3010749,100000,0,0,120926.4604,13000,156000,28862.63414,0,184862.6341,610602.183,0,100,50
13320.98444,1337.774412,130000,0,0,144658.7589,9100,109200,0,0,109200,1343503.92,0,20,10
14227.16354,1208.684876,0,0,2631.40123,18067.24964,5600,67200,0,0,67200,157498.3705,0,100,50
2842.031041,2336.710515,80000,54000,52418.27239,191597.0139,9100,109200,0,0,109200,236999.3832,100,100,100
1146.002333,2500.498304,130000,78000,0,211646.5006,9100,109200,0,0,109200,724142.9335,80,70,75
9158.292446,1687.622077,100000,0,0,110845.9145,9100,109200,0,0,109200,383115.398,80,100,90
12245.05406,1285.802289,20000,0,3137.884619,36668.74097,5600,67200,0,0,67200,1999123.687,60,10,35
21479.51186,300.6927683,40000,0,12243.21977,74023.4244,9100,109200,0,0,109200,445216.7604,0,100,50
3597.743475,2066.785939,40000,46000,12132.80143,103797.3308,9100,109200,0,0,109200,954671.2183,0,40,20
23135.09115,106.0764838,130000,89000,0,242241.1676,13000,156000,18216.64058,0,174216.6406,48033.34955,100,100,100
2550.623434,2111.06202,130000,0,0,134661.6855,13000,156000,18371.3405,0,174371.3405,1645858.584,60,40,50
9871.987651,1326.658074,130000,0,0,141198.6457,13000,156000,10745.47816,0,166745.4782,827127.3212,0,80,40
4348.16323,1868.587012,40000,0,4606.806669,50823.55691,5600,67200,0,840,68040,1125132.123,60,10,35
8673.230906,1347.881995,100000,0,66456.15258,176477.2655,9100,109200,0,0,109200,430672.6839,100,100,100
6604.131192,1508.390684,130000,0,0,138112.5219,5600,67200,0,840,68040,899917.443,0,20,10
19569.64991,153.8926306,100000,66000,0,185723.5425,9100,109200,0,0,109200,3056.731691,100,100,100
18880.09906,189.2362025,20000,0,3462.076847,42531.41211,3200,38400,0,480,38880,133377.8418,90,100,95
13313.62258,734.3048457,80000,0,41313.34208,135361.2695,9100,109200,0,0,109200,137352.1297,100,100,100
2741.832999,1740.51231,0,0,2014.69561,6497.04092,8000,96000,25701.6004,0,121701.6004,916878.0527,60,40,50
8693.997248,1131.39767,40000,0,4001.594789,53826.98971,5600,67200,0,840,68040,563876.5705,60,40,50
7313.418363,1200.015638,20000,0,2414.196842,30927.63084,5600,67200,0,0,67200,877112.7394,60,20,40
7893.70424,1121.165306,20000,34000,2388.169662,65403.03921,5600,67200,0,0,67200,701093.2748,60,40,50
18527.18214,32.3744011,130000,0,0,148559.5565,9100,109200,0,0,109200,76025.89439,100,100,100
13639.87924,481.7974673,80000,0,36915.70782,131037.3845,9100,109200,0,0,109200,1342284.886,60,20,40
6928.746047,1148.272364,100000,0,0,108077.0184,9100,109200,0,0,109200,925931.7155,0,40,20
6661.371751,1061.76065,130000,0,0,137723.1324,13000,156000,27999.26672,0,183999.2667,1805711.897,60,20,40
1102.186719,1447.984495,130000,0,0,132550.1712,5600,67200,0,840,68040,1209749.817,0,10,5
9043.041038,619.2814206,80000,0,30471.71049,120134.0329,9100,109200,0,0,109200,1780535.906,60,20,40
4073.147003,1109.364349,100000,0,0,105182.5114,9100,109200,0,0,109200,1396230.098,60,20,40
667.2942172,1403.821193,40000,48000,7352.753073,97423.86848,13000,156000,26412.70828,0,182412.7083,254795.3183,90,100,95
4246.614694,979.0242316,80000,0,28073.71402,113299.3529,9100,109200,0,0,109200,1471602.401,60,20,40
4743.547283,895.9240954,20000,0,2283.79804,27923.26942,3200,38400,0,480,38880,1846611.795,60,0,30
13268.00216,0.846043119,80000,53000,26552.92519,172821.7734,9100,109200,0,0,109200,602637.6101,80,80,80
6414.809497,682.7035457,0,0,1324.184495,8421.697538,5600,67200,0,0,67200,1231467.04,60,10,35
859.2805662,1199.085639,130000,0,0,132058.3662,5600,67200,0,840,68040,202518.6526,100,100,100
6078.646716,664.4956788,130000,0,0,136743.1424,13000,156000,5477.457647,0,161477.4576,82602.73319,100,100,100
12122.03398,45.18439627,100000,0,37721.63382,149888.8522,13000,156000,3806.530405,0,159806.5304,1589554.608,60,40,50
3567.869803,772.8224924,80000,59000,22592.18945,165932.8817,9100,109200,0,0,109200,1746482.531,60,20,40
5245.213083,597.0220832,130000,0,0,135842.2352,5600,67200,0,840,68040,1995836.917,60,10,35
6984.02194,405.8835356,130000,0,0,137389.9055,9100,109200,0,0,109200,644699.3766,80,70,75
8656.379548,173.0788911,130000,78000,0,216829.4584,9100,109200,0,0,109200,1599167.4,0,20,10
5524.955744,460.9316344,100000,0,0,105985.8874,5600,67200,0,840,68040,1485856.026,60,10,35
42.91761987,904.4980814,20000,38000,1135.987304,60083.40301,8000,96000,15492.24379,0,111492.2438,1747749.729,60,10,35
8468.057157,52.77549382,0,0,1124.476512,9645.309163,3200,38400,0,480,38880,507666.9424,60,20,40
5516.560395,341.0357477,20000,33000,1115.864734,59973.46088,5600,67200,0,0,67200,558260.5233,0,50,25
5770.923574,269.6244726,80000,0,2116.792075,88157.34012,5600,67200,0,840,68040,785068.407,0,20,10
5495.528396,266.1274836,130000,71000,0,206761.6559,9100,109200,0,0,109200,446178.6027,100,100,100
4062.461703,392.2105971,130000,0,0,134454.6723,9100,109200,0,0,109200,1968529.428,60,10,35
1993.81179,580.6753737,20000,31000,975.0706909,54549.55785,5600,67200,0,0,67200,1693594.76,60,10,35
2878.036632,435.9608517,130000,0,0,133313.9975,9100,109200,0,0,109200,511962.1315,80,100,90
775.5358228,639.3215103,20000,0,1194.791821,22609.64915,3200,38400,0,480,38880,291125.4399,60,50,55
5091.209824,172.1473927,100000,0,3406.341875,108669.6991,5600,67200,0,840,68040,1104304.647,60,20,40
697.1601409,542.6240312,80000,0,12246.80091,93486.58508,13000,156000,27341.29859,0,183341.2986,1692936.847,60,40,50
542.4503729,508.7264988,20000,0,938.2858934,21989.46277,3200,38400,0,480,38880,180961.3113,0,100,50
3.944353786,553.3855198,130000,89000,0,219557.3299,9100,109200,0,0,109200,840383.4162,80,50,65
321.9837115,510.1048978,40000,0,2711.516345,43543.60495,9100,109200,0,0,109200,1392995.303,60,20,40
4027.872984,16.66597367,40000,0,2097.266361,46141.80532,9100,109200,0,0,109200,629411.9478,60,70,65
2990.12873,73.39110137,40000,0,1862.019872,44925.5397,9100,109200,0,0,109200,236419.0282,0,100,50
1658.05484,47.0503823,20000,0,266.0698328,21971.17505,8000,96000,283.5656979,0,96283.5657,395154.2075,60,100,80
644.6170837,91.02777958,20000,31000,194.3618599,51930.00672,5600,67200,0,0,67200,1434745.248,60,10,35
290.6587601,34.61012179,80000,0,1273.519956,81598.78884,9100,109200,0,0,109200,1334798.401,60,20,40
240.3576753,32.76786094,80000,0,142.0090712,80415.13461,5600,67200,0,840,68040,942997.5839,60,20,40
432.2621197,0.941124487,100000,0,1325.020094,101758.2233,9100,109200,0,0,109200,966324.3766,0,40,20
131.4918981,8.081827139,40000,42000,106.1550847,82245.72881,9100,109200,0,0,109200,1394837.731,60,20,40
13.85816727,6.083408511,40000,0,37.34612619,40057.2877,13000,156000,15596.68335,0,171596.6833,234348.1852,0,100,50
229.096741,9.798029108,100000,0,0,100238.8948,5600,67200,0,840,68040,1597633.65,60,10,35
397.589598,31.96606611,100000,67000,0,167429.5557,9100,109200,0,0,109200,355903.2496,100,100,100
26.92196494,128.6843132,130000,0,0,130155.6063,5600,67200,0,840,68040,756366.5437,0,20,10
722.8993313,65.97599891,130000,84000,0,214788.8753,9100,109200,0,0,109200,1725571.662,0,20,10
1234.579078,35.47629138,0,26000,158.9341991,27428.98957,5600,67200,0,0,67200,629470.9066,60,40,50
693.339271,114.83875,130000,90000,0,220808.178,9100,109200,0,0,109200,483288.2232,100,100,100
678.9572304,154.1517241,40000,40000,1110.237235,81943.34619,9100,109200,0,0,109200,1836754.857,60,10,35
2446.649478,42.79790574,130000,0,0,132489.4474,9100,109200,0,0,109200,285164.5931,100,100,100
641.8680004,255.4039538,130000,85000,0,215897.272,9100,109200,0,0,109200,1304367.028,0,20,10
1946.291601,126.1041465,20000,0,400.9166332,22473.31238,5600,67200,0,0,67200,884379.5012,60,20,40
2484.906214,123.9133529,100000,0,11172.11923,113780.9388,9100,109200,0,0,109200,745518.2662,0,50,25
925.8497404,307.3596367,20000,39000,499.9307635,60733.14014,5600,67200,0,0,67200,214502.4775,80,100,90
1997.448232,253.0130081,20000,0,565.947289,22816.40853,8000,96000,26754.77245,0,122754.7724,1086704.329,60,20,40
2871.847919,256.2610297,20000,0,905.7430361,24033.85199,3200,38400,0,480,38880,852736.0771,60,10,35
3045.457832,244.6469081,40000,0,2745.963457,46036.0682,9100,109200,0,0,109200,1076915.95,60,40,50
2002.308354,456.9075083,130000,0,0,132459.2159,5600,67200,0,840,68040,1404589.76,60,10,35
4653.926648,217.018263,130000,0,0,134870.9449,9100,109200,0,0,109200,1705123.045,60,20,40
253.9701132,662.7607861,100000,0,0,100916.7309,9100,109200,0,0,109200,5459.617456,100,100,100
5545.194723,155.466198,100000,67000,0,172700.6609,9100,109200,0,0,109200,1382614.603,0,20,10
3612.737057,441.7703255,130000,0,0,134054.5074,5600,67200,0,840,68040,1664877.668,60,10,35
7580.62113,61.06292147,20000,0,1023.906293,28665.59034,5600,67200,0,0,67200,446843.8264,60,70,65
5611.573747,274.065716,40000,0,4176.115453,50061.75492,9100,109200,0,0,109200,1084573.762,60,40,50
7431.684422,121.9315494,0,26000,865.0999916,34418.71596,5600,67200,0,0,67200,323297.4141,0,80,40
5819.522831,321.0736376,130000,82000,0,218140.5965,9100,109200,0,0,109200,524434.2715,100,80,90
8823.366663,27.59572983,80000,0,18198.64792,107049.6103,9100,109200,0,0,109200,930606.1606,0,40,20
7934.15037,119.9620703,100000,0,27401.31322,135455.4257,9100,109200,0,0,109200,1254318.338,0,20,10
1415.131765,807.5047544,80000,0,2372.544827,84595.18135,5600,67200,0,840,68040,761152.6274,0,20,10
5213.693334,465.5915796,130000,0,0,135679.2849,9100,109200,0,0,109200,686205.286,0,70,35
3221.938448,711.9357372,40000,0,2068.259164,46002.13335,5600,67200,0,840,68040,1946880.398,60,10,35
7641.511872,286.076451,0,0,1312.784548,9240.372871,3200,38400,0,480,38880,1957885.833,60,0,30
4824.73323,574.6437375,80000,0,2642.792651,88042.16962,5600,67200,0,840,68040,1636257.373,60,10,35
1156.084997,989.8368355,80000,0,2763.613338,84909.53517,5600,67200,0,840,68040,1934062.18,60,10,35
1194.577313,1023.964692,40000,0,2286.844847,44505.38685,5600,67200,0,840,68040,1660734.429,60,10,35
11184.84808,44.49743595,40000,0,2325.964488,53555.31,5600,67200,0,840,68040,714738.209,60,40,50
390.8509638,1129.66107,0,0,1460.932708,2981.444742,3200,38400,0,480,38880,849118.6183,60,10,35
3889.073439,785.5856923,130000,85000,0,219674.6591,9100,109200,0,0,109200,152757.0146,100,100,100
4534.448536,741.7676088,80000,0,23904.24925,109180.4654,9100,109200,0,0,109200,400512.0416,80,100,90
635.156806,1158.163078,80000,0,3054.196895,84847.51678,5600,67200,0,840,68040,139052.7889,100,100,100
1693.609421,1062.686056,130000,89000,0,221756.2955,13000,156000,29109.27712,0,185109.2771,647514.1099,90,100,95
2179.997596,1016.349397,130000,0,0,133196.347,5600,67200,0,840,68040,1689974.168,60,10,35
7749.495533,483.5807933,130000,0,0,138233.0763,5600,67200,0,840,68040,1543795.28,60,10,35
8297.618339,484.0544219,100000,61000,39414.48767,209196.1604,9100,109200,0,0,109200,612643.2108,90,70,80
428.3852725,1291.714208,100000,0,0,101720.0995,5600,67200,0,840,68040,218064.3053,100,100,100
795.6790645,1311.447396,80000,0,27820.30606,109927.4325,9100,109200,0,0,109200,1353012.677,60,20,40
817.0228199,1315.076944,130000,0,0,132132.0998,9100,109200,0,0,109200,1347806.772,60,20,40
6383.462401,759.5755382,100000,68000,0,175143.0379,9100,109200,0,0,109200,1424015,0,20,10
6514.19332,789.1520635,100000,61000,43217.14187,211520.4872,9100,109200,0,0,109200,1616271.831,0,20,10
9573.6587,545.4661222,80000,0,3757.07998,93876.2048,5600,67200,0,840,68040,1881378.874,60,10,35
5652.429205,949.1339701,130000,0,0,136601.5632,9100,109200,0,0,109200,234097.6871,100,100,100
13583.97968,174.4302959,40000,0,7664.141322,61422.5513,13000,156000,14268.66317,0,170268.6632,463544.5675,0,100,50
3487.18903,1200.258577,0,25000,1548.97748,31236.42509,5600,67200,0,0,67200,1114741.4,60,20,40
6461.973983,929.3145893,40000,47000,7877.559938,102268.8485,9100,109200,0,0,109200,790724.6385,0,50,25
9839.199869,610.0604275,80000,52000,31879.60829,174328.8686,9100,109200,0,0,109200,483533.567,90,100,95
886.836143,1544.518759,20000,39000,2041.502967,63472.85787,5600,67200,0,0,67200,1316676.33,60,10,35
1353.006517,1532.55347,130000,0,0,132885.56,13000,156000,8045.878661,0,164045.8787,256749.2795,100,100,100
9141.573136,820.6810927,0,0,2168.548008,12130.80224,3200,38400,0,480,38880,1349119.761,60,0,30
13327.18628,428.6883925,130000,0,0,143755.8747,5600,67200,0,840,68040,1954661.869,60,10,35
3283.120595,1460.823181,130000,77000,0,211743.9438,9100,109200,0,0,109200,261279.4008,100,100,100
4568.51367,1444.42457,100000,0,9506.379683,115519.3179,5600,67200,0,840,68040,1482057.879,60,10,35
11388.91604,815.6238788,80000,0,39090.30966,131294.8496,9100,109200,0,0,109200,717002.8996,0,70,35
1361.089889,1831.128051,130000,0,0,133192.2179,13000,156000,23079.33664,0,179079.3366,779810.3598,0,80,40
5037.76273,1505.138362,100000,0,10044.57317,116587.4743,5600,67200,0,840,68040,85200.85727,100,100,100
11197.34517,889.1801175,40000,42000,10044.57317,104131.0985,13000,156000,17758.38621,0,173758.3862,1103240.905,60,50,55
14158.93365,638.1776814,130000,0,0,144797.1113,5600,67200,0,840,68040,1904592.441,60,10,35
12048.34071,877.0334078,20000,0,3469.779131,36395.15324,3200,38400,0,480,38880,190647.728,0,80,40
15456.59373,562.8790379,130000,0,0,146019.4728,9100,109200,0,0,109200,32862.2612,100,100,100
3829.768769,1739.45975,130000,0,0,135569.2285,5600,67200,0,840,68040,1384644.655,60,10,35
2768.174033,1862.996256,20000,0,2674.767074,27305.93736,5600,67200,0,0,67200,1145504.153,60,10,35
19143.81064,253.2631334,100000,0,0,119397.0738,13000,156000,2277.611586,0,158277.6116,1197621.987,60,50,55
9196.565087,1266.541381,100000,0,0,110463.1065,13000,156000,20684.71547,0,176684.7155,1626015.53,60,40,50
6969.28456,1531.032293,100000,0,66838.82248,175339.1393,9100,109200,0,0,109200,1280066.992,0,20,10
14491.2176,864.7350793,80000,55000,46277.13679,196633.0895,13000,156000,6370.096352,0,162370.0964,69240.6295,100,100,100
18026.61891,547.193886,100000,66000,0,184573.8128,13000,156000,9315.558179,0,165315.5582,126020.4146,100,100,100
19787.98044,371.0577327,40000,0,11749.27888,71908.31706,13000,156000,16132.5419,0,172132.5419,838088.7177,60,80,70
1602.12773,2239.608369,40000,0,4799.642284,48641.37838,5600,67200,0,840,68040,1083392.291,60,20,40
15366.87895,873.5867513,130000,0,0,146240.4657,5600,67200,0,840,68040,108672.8191,100,100,100
10811.24578,1479.233748,20000,0,4267.263876,36557.7434,3200,38400,0,480,38880,286937.2676,0,50,25
7159.413479,1880.518233,100000,0,77893.78742,186933.7191,9100,109200,0,0,109200,837963.4326,80,50,65
4379.444755,2249.407732,20000,0,4478.920346,31107.77283,3200,38400,0,480,38880,1850890.902,60,0,30
12980.32758,1391.655714,40000,45000,13448.44236,112820.4257,9100,109200,0,0,109200,753282.6965,0,50,25
14135.66953,1439.540663,20000,34000,3566.384521,73141.59472,5600,67200,0,0,67200,1043502.769,60,20,40
5638.704507,2351.173755,130000,0,0,137989.8783,9100,109200,0,0,109200,1617397.022,60,20,40
17324.54543,1241.081541,20000,0,4955.893473,43521.52044,3200,38400,0,480,38880,689406.1368,60,10,35
30107.32422,4.958741711,130000,0,0,160112.283,9100,109200,0,0,109200,528675.5983,90,80,85
19233.95434,1259.926972,100000,0,15916.61203,136410.4933,5600,67200,0,840,68040,430613.8478,90,70,80
18869.0441,1299.930919,130000,90000,0,240168.975,9100,109200,0,0,109200,416352.7729,100,100,100
4322.290728,2778.088273,100000,0,16051.58673,123151.9657,5600,67200,0,840,68040,1438684.98,60,10,35
14509.80599,1776.952522,130000,0,0,146286.7585,13000,156000,9710.120996,0,165710.121,1567540.65,60,40,50
22795.21344,963.6742351,80000,0,8107.988947,111866.8766,5600,67200,0,840,68040,1758589.547,60,10,35
9899.470224,2309.659965,130000,0,0,142209.1302,5600,67200,0,840,68040,422424.0872,90,70,80
22254.02856,1134.179623,80000,0,67191.64958,170579.8578,13000,156000,25426.33969,0,181426.3397,1443311.367,0,40,20
10947.14412,2269.574702,40000,0,16821.44557,70038.16439,9100,109200,0,0,109200,1789265.449,60,20,40
25018.24326,874.2313754,20000,30000,4220.069627,80112.54426,8000,96000,2353.246995,0,98353.247,1803864.8,60,10,35
3165.19382,3094.853136,100000,0,0,106260.047,5600,67200,0,840,68040,794020.4344,0,20,10
30814.97472,340.4649743,0,0,3421.962447,34577.40215,8000,96000,4130.782317,0,100130.7823,1047881.042,60,40,50
30259.59968,413.6864665,100000,61000,103189.393,294862.6792,9100,109200,0,0,109200,1735551.313,0,20,10
18678.41232,1576.511837,20000,0,4305.441337,44560.3655,5600,67200,0,0,67200,854223.6557,60,20,40
26503.65009,832.8860117,20000,0,4354.063776,51690.59988,5600,67200,0,0,67200,681649.9602,60,40,50
19296.32455,1578.379559,80000,52000,70160.24028,223034.9444,9100,109200,0,0,109200,1593342.06,0,20,10
29298.01346,601.7950031,20000,0,4414.495436,54314.30389,5600,67200,0,0,67200,1607073.404,60,10,35
18367.86491,1731.388598,80000,0,8920.437722,109019.6912,5600,67200,0,840,68040,1870914.597,60,10,35
5569.213596,3023.054423,40000,47000,17899.87891,113492.1469,13000,156000,15039.67246,0,171039.6725,1366905.066,60,40,50
12094.81918,2370.493865,130000,0,0,144465.313,9100,109200,0,0,109200,540515.2611,80,80,80
13021.48083,2322.711263,130000,71000,0,216344.1921,9100,109200,0,0,109200,990647.1904,80,40,60
31957.03278,463.4326495,100000,0,109774.0778,242194.5433,9100,109200,0,0,109200,798793.0789,90,50,70
13427.09878,2396.865172,80000,0,9348.937624,105172.9016,5600,67200,0,840,68040,138504.0654,100,100,100
3781.415103,3418.271274,0,0,4745.51598,11945.20236,3200,38400,0,480,38880,837430.5016,60,10,35
10222.56817,2823.950802,130000,0,0,143046.519,9100,109200,0,0,109200,1989496.596,60,10,35
30980.30147,763.5934071,40000,0,7723.247109,79467.14199,5600,67200,0,840,68040,983821.8723,60,20,40
27400.02763,1126.361532,80000,54000,77327.28591,239853.6751,9100,109200,0,0,109200,1580244.087,0,20,10
8844.065698,3002.131455,20000,0,4858.172531,36704.36968,5600,67200,0,0,67200,1103856.514,60,20,40
30421.23852,874.0864378,130000,0,0,161295.325,9100,109200,0,0,109200,1867381.64,60,10,35
12543.28903,2774.789469,40000,0,8058.236745,63376.31525,5600,67200,0,840,68040,1531131.372,60,10,35
36248.5861,486.3871336,80000,0,10278.11436,127013.0876,5600,67200,0,840,68040,297943.5672,100,100,100
19128.71331,2300.931309,40000,0,8427.60528,69857.2499,5600,67200,0,840,68040,816775.2801,60,20,40
29512.68971,1281.633058,130000,0,0,160794.3228,13000,156000,19138.99639,0,175138.9964,1810886.07,60,20,40
1491.577413,4088.536188,80000,57000,84753.87858,227333.9922,13000,156000,1277.366671,0,157277.3667,1263846.645,0,50,25
30234.65058,1235.732737,100000,64000,127775.9338,323246.3171,9100,109200,0,0,109200,278065.148,100,100,100
17836.78295,2625.057482,130000,0,0,150461.8404,5600,67200,0,840,68040,1731719.562,60,10,35
22575.76239,2169.133427,130000,0,0,154744.8958,9100,109200,0,0,109200,536407.3657,80,80,80
43659.38251,94.3488219,130000,73000,0,246753.7313,9100,109200,0,0,109200,1550081.098,0,20,10
3681.689739,4134.102648,40000,0,22511.35811,70327.1505,9100,109200,0,0,109200,1314400.613,60,20,40
7233.587048,3822.15939,100000,61000,136365.5429,308421.2893,9100,109200,0,0,109200,1929671.571,0,10,5
7410.595606,3804.458535,130000,0,0,141215.0541,5600,67200,0,840,68040,1461422.076,60,10,35
6702.498488,3899.29596,20000,0,7615.909681,38217.70413,3200,38400,0,480,38880,1138344.518,60,10,35
14954.36327,3107.772154,80000,0,92064.16962,190126.305,9100,109200,0,0,109200,1711467.506,0,20,10
13596.91432,3249.536767,130000,0,0,146846.4511,5600,67200,0,840,68040,1083949.454,0,20,10
30989.49293,1521.107577,130000,0,0,162510.6005,5600,67200,0,840,68040,1177774.873,0,10,5
43783.64703,274.1781815,40000,45000,23262.71442,152320.5396,9100,109200,0,0,109200,1772256.94,60,20,40
24333.66789,2238.446014,100000,0,0,126572.1139,5600,67200,0,840,68040,1199899.595,0,10,5
29514.38166,1762.563823,100000,61000,141420.0597,333697.0051,13000,156000,9015.102776,0,165015.1028,458008.9905,100,100,100
11791.38202,3543.287982,130000,0,0,145334.67,5600,67200,0,840,68040,1635603.758,60,10,35
19784.54427,2799.479355,40000,47000,23889.66891,133473.6925,9100,109200,0,0,109200,1661921.721,60,20,40
15134.58769,3283.796092,20000,0,7995.424767,46413.80854,3200,38400,0,480,38880,1854366.331,60,0,30
6340.373275,4182.538611,100000,65000,0,175522.9119,9100,109200,0,0,109200,730562.4268,80,50,65
12891.72012,3541.916051,40000,46000,24155.44031,126589.0765,13000,156000,17595.67659,0,173595.6766,1024519.425,0,70,35
33973.64969,1469.977827,20000,0,6084.178494,61527.80601,5600,67200,0,0,67200,924674.6748,60,20,40
20292.65768,2865.907565,80000,0,97903.46667,201062.0319,9100,109200,0,0,109200,1786252.945,0,20,10
45265.0426,437.6997207,100000,0,148926.1194,294628.8618,9100,109200,0,0,109200,888878.8236,90,50,70
37283.33681,1255.276643,80000,54000,99672.20649,272210.8199,13000,156000,7773.272645,0,163773.2726,837420.6936,90,80,85
41894.93304,795.3277853,130000,0,0,172690.2608,9100,109200,0,0,109200,237137.6426,100,100,100
25615.65487,2440.240416,130000,0,0,158055.8953,5600,67200,0,840,68040,678593.2565,80,40,60
690.3144899,5056.681738,40000,0,25628.56594,71375.56216,9100,109200,0,0,109200,1142363.045,60,40,50
14489.46284,3693.802875,20000,39000,6428.43645,83611.70217,8000,96000,5691.442677,0,101691.4427,1750794.526,60,10,35
46976.76752,468.1963109,20000,0,8609.788438,76054.75227,3200,38400,0,480,38880,794362.2888,60,10,35
1407.241412,5037.324782,40000,0,10356.09785,56800.66404,5600,67200,0,840,68040,1478737.883,60,10,35
27722.45268,2519.223328,20000,0,8819.114328,59060.79034,3200,38400,0,480,38880,1735114.793,60,0,30
16395.9935,3686.060563,130000,0,0,150082.0541,13000,156000,26115.28231,0,182115.2823,836037.7741,0,80,40
27686.22846,2602.295798,40000,0,26854.59322,97143.11747,9100,109200,0,0,109200,515765.7848,0,100,50
17291.10927,3699.344625,80000,0,108569.111,209559.5649,9100,109200,0,0,109200,605861.2817,90,80,85
15115.46182,3936.52035,100000,0,0,119051.9822,5600,67200,0,840,68040,391194.1961,90,70,80
38144.38192,1644.644594,40000,0,10918.16557,90707.19209,5600,67200,0,840,68040,1344718.402,60,10,35
7558.917309,4724.046905,130000,90000,0,232282.9642,9100,109200,0,0,109200,24059.82152,100,100,100
6770.111386,4815.188623,130000,72000,0,213585.3,9100,109200,0,0,109200,1611905.441,0,20,10
24229.13526,3127.010727,0,0,5549.924254,32906.07024,5600,67200,0,0,67200,1915107.504,60,10,35
3052.918706,5368.931887,130000,90000,0,228421.8506,9100,109200,0,0,109200,1065861.873,80,40,60
13764.68293,4305.156478,40000,0,28408.12385,86477.96326,13000,156000,4239.986542,0,160239.9865,395343.2193,80,100,90
47060.06832,1005.204938,0,0,7139.014713,55204.28797,3200,38400,0,480,38880,596757.7937,60,20,40
55160.63267,197.6211923,80000,52000,114273.6892,301631.943,9100,109200,0,0,109200,1637115.459,0,20,10
24564.75694,3322.658278,100000,0,28895.66986,156783.0851,5600,67200,0,840,68040,1285865.443,0,10,5
3293.855255,5474.475333,100000,0,0,108768.3306,5600,67200,0,840,68040,1652041.357,60,10,35
10987.12649,4798.001934,100000,0,29483.57292,145268.7013,5600,67200,0,840,68040,1839450.406,60,10,35
33501.59223,2638.402956,80000,57000,119771.2436,292911.2388,13000,156000,13217.47314,0,169217.4731,726713.8262,100,100,100
33841.12537,2615.636428,130000,0,0,166456.7618,9100,109200,0,0,109200,1111267.585,0,40,20
54000.1875,661.9225985,40000,0,30309.70674,124971.8168,9100,109200,0,0,109200,56484.43767,100,100,100
40055.65102,2096.24622,130000,82000,0,254151.8972,9100,109200,0,0,109200,59845.39419,100,100,100
26374.49691,3491.79995,100000,0,30646.24821,160512.5451,5600,67200,0,840,68040,1320203.024,0,10,5
58457.64895,292.2158952,130000,84000,0,272749.8648,13000,156000,12534.8837,0,168534.8837,862155.6293,90,80,85
14680.24354,4732.387563,20000,0,10334.01986,49746.65096,3200,38400,0,480,38880,151113.8482,90,100,95
56466.45497,563.7765464,130000,0,0,187030.2315,9100,109200,0,0,109200,322859.4303,100,100,100
30351.18047,3191.55553,20000,36000,7783.341971,97326.07797,5600,67200,0,0,67200,1658190.407,60,10,35
25219.90912,3707.18946,100000,0,31145.90186,160073.0004,5600,67200,0,840,68040,1396560.516,0,10,5
17468.24365,4558.736508,100000,63000,189166.8262,374193.8064,9100,109200,0,0,109200,1460679.798,80,20,50
24345.8808,4024.228335,130000,80000,0,238370.1091,9100,109200,0,0,109200,329427.0864,100,100,100
23031.2497,4156.936316,0,0,6460.061286,33648.2473,5600,67200,0,0,67200,150659.1421,80,100,90
48515.12877,1631.228933,0,0,8103.427263,58249.78496,3200,38400,0,480,38880,1856372.67,60,0,30
40186.88309,2607.981038,130000,80000,0,252794.8641,13000,156000,27114.30361,0,183114.3036,1216688.332,80,50,65
60312.25141,616.9480708,40000,0,13296.34642,114225.5459,5600,67200,0,840,68040,1523319.26,60,10,35
44167.51706,2254.221401,40000,0,13341.94621,99763.68467,5600,67200,0,840,68040,1876746.635,60,10,35
5768.008122,6147.411841,40000,0,13448.42531,65363.84527,5600,67200,0,840,68040,260437.0351,80,100,90
25600.71409,4188.254222,20000,32000,8435.40704,90224.37536,5600,67200,0,0,67200,896037.8748,0,20,10
38418.40673,2915.386638,80000,0,135144.5462,256478.3396,9100,109200,0,0,109200,840965.9071,90,50,70
8622.178322,5948.385449,40000,46000,34053.01641,134623.5802,13000,156000,16546.89696,0,172546.897,622969.2715,80,100,90
30816.90055,3742.896707,130000,73000,0,237559.7973,9100,109200,0,0,109200,1432312.029,0,20,10
23567.75501,4478.008971,130000,0,0,158045.764,13000,156000,5555.201806,0,161555.2018,378672.473,100,100,100
29329.62607,3927.282032,100000,0,0,133256.9081,5600,67200,0,840,68040,844436.5828,0,20,10
51349.54891,1730.388603,130000,0,0,183079.9375,5600,67200,0,840,68040,1816564.661,0,10,5
12139.54582,5711.330297,80000,0,138505.6976,236356.5737,9100,109200,0,0,109200,1076891.977,80,40,60
1783.604904,6773.748798,130000,0,0,138557.3537,9100,109200,0,0,109200,1895935.341,60,10,35
26001.2995,4454.331598,130000,0,0,160455.6311,9100,109200,0,0,109200,1506467.915,0,20,10
55762.96241,1542.31879,100000,69000,0,226305.2812,9100,109200,0,0,109200,1854072.334,0,10,5
54247.06995,1701.616004,100000,0,0,155948.6859,9100,109200,0,0,109200,636124.8969,80,70,75
31449.40078,4129.471396,20000,0,9093.014341,64671.88651,8000,96000,4752.140354,0,100752.1404,1194095.056,60,20,40
40900.34591,3298.154669,130000,0,0,174198.5006,9100,109200,0,0,109200,528287.7314,90,80,85
39637.69939,3434.787561,80000,0,147971.15,271043.637,9100,109200,0,0,109200,791925.2044,90,50,70
1275.887663,7380.00578,100000,0,0,108655.8934,5600,67200,0,840,68040,289912.7737,90,100,95
28480.01032,4670.012913,80000,53000,150360.2789,316510.3021,9100,109200,0,0,109200,60478.48833,100,100,100
34103.87493,4161.019476,40000,43000,37857.03484,159121.9292,9100,109200,0,0,109200,896214.6394,0,50,25
4851.686448,7100.562865,40000,0,15171.46302,67123.71233,5600,67200,0,840,68040,413531.0084,0,70,35
19594.92287,5644.520066,100000,65000,0,190239.4429,13000,156000,24017.38288,0,180017.3829,339399.3527,100,100,100
35825.90611,4035.78039,100000,0,38091.855,177953.5415,5600,67200,0,840,68040,1304828.727,0,10,5
24606.713,5272.807624,130000,0,0,159879.5206,5600,67200,0,840,68040,1729833.439,60,10,35
43217.52341,3432.701804,100000,0,0,146650.2252,9100,109200,0,0,109200,1939409.481,60,10,35
49006.58161,2856.405097,130000,0,0,181862.9867,9100,109200,0,0,109200,297314.076,100,100,100
46289.90834,3162.195529,40000,0,38955.93181,128408.0357,9100,109200,0,0,109200,372540.4399,90,100,95
39561.51434,3941.616339,100000,0,0,143503.1307,13000,156000,3846.425627,0,159846.4256,241360.0862,100,100,100
43436.08198,3610.877939,130000,0,0,177046.9599,5600,67200,0,840,68040,225950.4066,100,100,100
58266.7204,2172.765872,80000,0,159988.7582,300428.2445,9100,109200,0,0,109200,441782.6699,100,100,100
75068.18364,605.2718354,130000,0,0,205673.4555,13000,156000,12737.08063,0,168737.0806,745694.3424,80,80,80
39228.47084,4221.132273,130000,0,0,173449.6031,9100,109200,0,0,109200,1438617.279,0,20,10
80644.64497,148.7501447,40000,0,16426.42928,137219.8244,5600,67200,0,840,68040,1321684.616,0,10,5
48252.07185,3418.702903,100000,0,0,151670.7748,9100,109200,0,0,109200,1927022.959,60,10,35
69537.49408,1314.171341,130000,0,0,200851.6654,9100,109200,0,0,109200,1191586.574,0,40,20
48150.8564,3495.621149,130000,0,0,181646.4776,9100,109200,0,0,109200,395664.8955,100,100,100
82776.22819,61.20440929,20000,0,10423.53404,113260.9666,5600,67200,0,0,67200,1544984.051,60,10,35
59356.74179,2416.539675,130000,0,0,191773.2815,5600,67200,0,840,68040,1461723.763,0,10,5
63652.78972,2070.136594,130000,0,0,195722.9263,9100,109200,0,0,109200,960553.5298,80,40,60
56018.02889,2841.678758,130000,0,0,188859.7076,9100,109200,0,0,109200,683248.2508,80,70,75
45417.44455,3951.514974,80000,0,169865.1886,299234.1481,9100,109200,0,0,109200,3527.856449,100,100,100
3091.730822,8233.9835,40000,0,42715.78291,94041.49723,13000,156000,23393.47337,0,179393.4734,1191720.286,60,50,55
83175.18686,276.9675037,20000,0,10743.10774,114195.2621,5600,67200,0,0,67200,847124.5031,0,20,10
75113.84699,1168.434831,0,0,10849.77441,87132.05623,3200,38400,0,480,38880,63293.89937,100,100,100
82939.05468,467.4275247,130000,0,0,213406.4822,9100,109200,0,0,109200,473474.9506,100,100,100
12098.97446,7618.215195,20000,0,11035.1408,50752.33045,5600,67200,0,0,67200,1168802.954,60,10,35
77021.59876,1247.677262,20000,0,11187.29642,109456.5724,5600,67200,0,0,67200,1830602.591,60,10,35
54851.40608,3682.259032,100000,0,0,158533.6651,9100,109200,0,0,109200,1149768.143,0,40,20
16817.37204,7518.88173,40000,44000,46003.09467,154339.3484,13000,156000,29469.37939,0,185469.3794,1332449.682,0,40,20
2594.51849,9066.131656,130000,70000,0,211660.6501,9100,109200,0,0,109200,1038029.071,80,40,60
4485.404362,8892.373739,80000,0,23352.28544,116730.0635,5600,67200,0,840,68040,756783.1677,0,20,10
27335.06438,6664.586533,100000,69000,0,202999.6509,9100,109200,0,0,109200,1057721.27,0,40,20
76919.68329,1707.522989,100000,69000,0,247627.2063,9100,109200,0,0,109200,1149646.471,80,40,60
29652.15189,6513.999024,40000,0,47396.07107,123562.222,9100,109200,0,0,109200,1201521.631,0,40,20
75778.19829,1939.269154,130000,0,0,207717.4674,5600,67200,0,840,68040,979401.4582,80,20,50
3840.353776,9154.09704,80000,0,190762.6483,283757.0992,9100,109200,0,0,109200,936306.6908,90,40,65
44051.03953,5199.125992,80000,0,24010.57486,153260.7404,5600,67200,0,840,68040,1805611.256,60,10,35
62749.07563,3371.630938,20000,0,12058.17313,98178.8797,5600,67200,0,0,67200,77628.82046,100,100,100
31264.26077,6548.352235,130000,0,0,167812.613,5600,67200,0,840,68040,203996.5472,100,100,100
69557.6835,2731.714466,130000,0,0,202289.398,9100,109200,0,0,109200,109214.9908,100,100,100
21556.70341,7686.415205,130000,0,0,159243.1186,9100,109200,0,0,109200,1854860.879,60,10,35
17107.36042,8166.956223,130000,74000,0,229274.3166,9100,109200,0,0,109200,290068.3874,100,100,100
67854.54107,3135.041252,130000,0,0,200989.5823,13000,156000,5628.938652,0,161628.9387,1929800.152,0,20,10
88773.50828,1068.860493,80000,0,24865.5283,194707.8971,5600,67200,0,840,68040,233241.996,100,100,100
95332.83547,494.5776611,0,0,10027.86121,105855.2743,5600,67200,0,0,67200,1858590.092,60,10,35
92011.88721,833.8347582,80000,0,200700.4696,373546.1915,13000,156000,10029.39771,0,166029.3977,828924.9128,100,80,90
20213.50796,8033.761147,130000,85000,0,243247.2691,9100,109200,0,0,109200,213201.0489,100,100,100
54698.57311,4591.018554,40000,0,20121.75173,119411.3434,5600,67200,0,840,68040,1056282.425,0,20,10
16038.67718,8589.595422,40000,0,20386.92628,85015.19888,5600,67200,0,840,68040,423168.2721,80,70,75
55696.17905,4732.524167,20000,0,17170.23679,97598.94001,3200,38400,0,480,38880,1544633.295,60,0,30
7041.813417,9605.22532,0,26000,10309.40666,52956.4454,5600,67200,0,0,67200,883317.2146,60,20,40
16112.39859,8747.620578,20000,0,12948.57555,57808.59471,5600,67200,0,0,67200,1629931.056,60,10,35
100855.1612,292.3072822,100000,69000,0,270147.4685,9100,109200,0,0,109200,716704.4294,90,70,80
45210.87905,5890.29585,40000,0,20822.76751,111923.9424,5600,67200,0,840,68040,650090.7245,0,40,20
8020.966259,9625.351079,20000,0,17379.07951,55025.39685,3200,38400,0,480,38880,9148.911728,100,100,100
89439.95386,1566.875721,130000,0,0,221006.8296,9100,109200,0,0,109200,147512.8567,100,100,100
42914.75407,6319.394642,40000,0,53054.35025,142288.499,9100,109200,0,0,109200,216020.7194,100,100,100
70340.96184,3584.140772,20000,0,13272.7962,107197.8988,5600,67200,0,0,67200,1635652.781,60,10,35
83526.28316,2272.975548,100000,0,318768.1159,504567.3746,9100,109200,0,0,109200,1790772.888,80,20,50
80712.96941,2589.726057,130000,80000,0,293302.6955,13000,156000,5098.872901,0,161098.8729,184161.3,100,100,100
25777.55678,8112.820214,40000,0,53452.87946,127343.2564,9100,109200,0,0,109200,148911.3939,100,100,100
2642.733672,10432.23698,20000,0,13370.63793,46445.60858,5600,67200,0,0,67200,666893.8268,60,40,50
89547.04269,1807.016845,100000,0,0,191354.0595,5600,67200,0,840,68040,1455544.56,0,10,5
18800.05753,8930.74281,130000,85000,0,242730.8003,9100,109200,0,0,109200,1624865.66,0,20,10
96500.80604,1185.974649,40000,45000,54180.27627,236867.057,9100,109200,0,0,109200,887044.3112,80,50,65
48383.55678,6012.603919,40000,0,21701.9192,116098.0799,5600,67200,0,840,68040,564616.6644,80,40,60
62632.27433,4605.620789,130000,0,0,197237.8951,5600,67200,0,840,68040,506495.6454,90,50,70
62840.07817,4593.810296,20000,39000,13597.27264,140031.1611,5600,67200,0,0,67200,1789176.025,60,10,35
42865.00541,6621.194473,80000,0,27269.23753,156755.4374,5600,67200,0,840,68040,1689546.972,60,10,35
47704.41077,6152.192388,100000,0,327679.0039,481535.6071,9100,109200,0,0,109200,532523.8474,100,80,90
14632.82194,9531.280933,20000,0,13743.20391,57907.30678,5600,67200,0,0,67200,565543.5367,0,40,20
20628.45471,8939.220987,130000,0,0,159567.6757,9100,109200,0,0,109200,1525482.618,0,20,10
33428.28484,7714.864943,20000,34000,13822.11678,108965.2666,5600,67200,0,0,67200,641516.6523,0,40,20
33678.66501,7753.178917,130000,79000,0,250431.8439,9100,109200,0,0,109200,1901771.284,0,10,5
79718.53167,3179.427265,130000,0,0,212897.9589,9100,109200,0,0,109200,1927264.683,0,10,5
83722.34629,2786.617347,130000,0,0,216508.9636,5600,67200,0,840,68040,546176.5336,90,50,70
44484.24672,6740.713477,20000,0,18648.56358,89873.52378,3200,38400,0,480,38880,1543541.267,60,0,30
60156.61203,5263.073543,80000,0,28196.83687,173616.5224,5600,67200,0,840,68040,511831.0045,90,50,70
59630.34239,5427.159083,20000,34000,14237.74165,133295.2431,5600,67200,0,0,67200,125269.9505,100,100,100
89231.67555,2629.98448,40000,0,57765.76018,189627.4202,9100,109200,0,0,109200,832344.4981,80,50,65
31785.55296,8385.408357,20000,0,19273.27276,79444.23407,3200,38400,0,480,38880,1514019.527,60,0,30
63568.87241,5214.78438,130000,0,0,198783.6568,13000,156000,24659.82389,0,180659.8239,368893.1922,100,100,100
76853.83685,4013.401189,20000,0,19497.97479,120365.2128,3200,38400,0,480,38880,1490588.484,60,0,30
25663.50867,9200.98717,20000,30000,14709.17255,99573.66839,5600,67200,0,0,67200,1020392.145,60,20,40
18778.75248,9895.721249,130000,0,0,158674.4737,9100,109200,0,0,109200,632417.7921,80,70,75
40816.41453,7696.644627,40000,0,58891.4304,147404.4896,13000,156000,23712.77347,0,179712.7735,804760.1761,0,80,40
77550.30401,4084.271404,40000,42000,59196.50903,222831.0844,9100,109200,0,0,109200,1751082.148,0,20,10
94650.65472,2380.477741,0,0,11845.54321,108876.6757,5600,67200,0,0,67200,623522.8555,0,40,20
60709.07881,5821.735789,80000,55000,237852.8734,439383.688,13000,156000,28756.70781,0,184756.7078,1244016.142,90,50,70
87284.07816,3254.00298,40000,0,23964.82159,154502.9027,5600,67200,0,840,68040,1199835.027,0,10,5
113509.0157,655.2129289,0,0,15007.64313,129171.8718,3200,38400,0,480,38880,841416.9898,0,10,5
29048.55138,9101.259365,0,0,15007.64313,53157.45387,3200,38400,0,480,38880,315092.4965,0,50,25
85838.13322,3465.036063,40000,0,60244.24692,189547.4162,13000,156000,23729.07078,0,179729.0708,1707206.529,0,40,20
37532.54435,8314.59202,40000,0,60339.23228,146186.3687,9100,109200,0,0,109200,1406206.702,0,20,10
12483.69424,10819.47703,20000,0,15084.80807,58387.97934,5600,67200,0,0,67200,918558.3147,60,20,40
111471.795,946.0759609,130000,0,0,242417.871,5600,67200,0,840,68040,1539988.703,0,10,5
5010.928727,11636.67099,130000,84000,0,230647.5997,13000,156000,6490.980053,0,162490.9801,1653300.017,0,40,20
33141.44886,8863.454843,20000,35000,15221.99966,112226.9034,5600,67200,0,0,67200,595373.9312,0,40,20
100852.8493,2097.123748,130000,0,0,232949.9731,13000,156000,1247.972058,0,157247.9721,924739.8897,80,70,75
50911.51629,7176.010591,40000,43000,61335.8111,202423.338,13000,156000,6756.68443,0,162756.6844,365435.2289,100,100,100
53885.17427,6925.199552,40000,45000,61568.5849,207378.9587,9100,109200,0,0,109200,460343.4206,100,100,100
92341.07398,3092.467563,20000,36000,15408.2187,166841.7602,8000,96000,25855.32782,0,121855.3278,1947698.368,60,10,35
93955.16658,2931.058302,40000,0,61632.8748,198519.0997,9100,109200,0,0,109200,209512.9112,100,100,100
40988.50033,8240.617015,100000,0,0,149229.1173,13000,156000,27236.69381,0,183236.6938,88576.8838,100,100,100
71491.52448,5209.618625,130000,0,0,206701.1431,13000,156000,11430.1808,0,167430.1808,1796528.759,0,20,10
22847.43548,10128.90416,40000,43000,62068.23855,178044.5782,9100,109200,0,0,109200,1468989.582,0,20,10
24631.04768,9987.752644,130000,0,0,164618.8003,5600,67200,0,840,68040,1154362.377,0,10,5
13336.08778,11213.05253,40000,0,25093.32262,89642.46293,5600,67200,0,840,68040,1968392.942,60,10,35
91750.39846,3387.89005,80000,0,31407.32474,206545.6133,5600,67200,0,840,68040,567941.5461,90,40,65
89765.97366,3597.758057,20000,0,20957.25904,134320.9908,3200,38400,0,480,38880,1206213.541,0,10,5
77139.88686,4896.28041,130000,0,0,212036.1673,9100,109200,0,0,109200,1945109.37,0,10,5
81818.91312,4576.02288,80000,50000,255158.2838,471553.2198,9100,109200,0,0,109200,1941649.515,80,10,45
119573.3344,874.863732,0,0,12832.19717,133280.3953,5600,67200,0,0,67200,394326.63,90,70,80
39751.02893,8891.882451,80000,0,257339.7069,385982.6183,9100,109200,0,0,109200,77625.8277,100,100,100
90344.19787,3837.545041,80000,0,32179.91207,206361.655,5600,67200,0,840,68040,144510.0211,100,100,100
109151.3154,1996.669159,80000,0,258236.0139,449383.9984,9100,109200,0,0,109200,874374.3514,100,50,75
128874.5274,85.9605379,80000,55000,259468.2655,523428.7535,13000,156000,5028.238647,0,161028.2386,1806663.296,80,20,50
57801.08622,7253.450677,20000,0,21722.59883,106777.1357,3200,38400,0,480,38880,477534.4983,80,20,50
15203.84201,11513.1751,130000,0,0,156717.0171,9100,109200,0,0,109200,1302977.134,0,20,10
107012.9642,2434.683354,80000,0,262719.5954,452167.2429,9100,109200,0,0,109200,1255857.797,90,20,55
38567.85681,9279.19409,130000,0,0,177847.0509,9100,109200,0,0,109200,668528.4454,80,70,75
79472.2739,5256.21415,20000,35000,16504.30193,156232.79,8000,96000,4233.768281,0,100233.7683,988939.6943,0,40,20
78458.11228,5399.955922,130000,0,0,213858.0682,5600,67200,0,840,68040,1403754.698,0,10,5
96912.6433,3639.426887,130000,0,0,230552.0702,5600,67200,0,840,68040,623879.3952,90,40,65
59693.90111,7373.238224,130000,0,0,197067.1393,5600,67200,0,840,68040,1148451.985,0,10,5
18006.68919,11543.66472,130000,0,0,159550.3539,9100,109200,0,0,109200,406512.8512,90,100,95
9111.291301,12440.02572,130000,0,0,151551.317,9100,109200,0,0,109200,959519.3644,0,40,20
29392.67367,10557.45211,130000,74000,0,243950.1258,13000,156000,19657.73273,0,175657.7327,556255.145,100,100,100
49265.27029,8656.412544,40000,0,67914.69787,165836.3807,13000,156000,14437.10086,0,170437.1009,1656614.592,0,40,20
32415.36587,10372.57592,130000,0,0,172787.9418,5600,67200,0,840,68040,1077682.482,0,20,10
92967.5243,4320.804786,130000,79000,0,306288.3291,13000,156000,1040.513487,0,157040.5135,593334.8192,100,100,100
57183.38517,7906.176332,130000,72000,0,267089.5615,9100,109200,0,0,109200,1806122.673,0,20,10
56132.3334,8108.62018,130000,0,0,194240.9536,5600,67200,0,840,68040,1706186.015,0,10,5
25887.05535,11141.87913,80000,0,34326.46167,151355.3962,5600,67200,0,840,68040,183718.9346,100,100,100
57092.31764,8024.831723,130000,0,0,195117.1494,13000,156000,3781.872943,0,159781.8729,684415.4673,80,100,90
17337.52974,12068.52261,20000,30000,17252.84449,96658.89685,5600,67200,0,0,67200,1634313.031,60,10,35
71897.19321,6753.346048,130000,0,0,208650.5393,9100,109200,0,0,109200,778814.8417,80,50,65
100871.1898,3870.066294,100000,0,69785.92637,274527.1825,5600,67200,0,840,68040,697212.0212,90,40,65
11250.53566,12835.67874,100000,0,69803.66152,193889.8759,5600,67200,0,840,68040,16308.03045,100,100,100
130443.3547,927.0379167,130000,0,0,261370.3927,5600,67200,0,840,68040,499670.8045,100,50,75
3002.0382,13710.15279,40000,42000,70051.78304,168763.974,13000,156000,15901.33881,0,171901.3388,197580.5118,100,100,100
56769.91569,8377.805224,100000,63000,421643.9038,649791.6247,9100,109200,0,0,109200,1920021.819,90,10,50
44177.44456,9701.239925,40000,0,28237.96876,122116.6533,5600,67200,0,840,68040,1466601.498,60,10,35
56647.61075,8497.196931,130000,0,0,195144.8077,13000,156000,26103.49661,0,182103.4966,1304198.528,0,40,20
131041.4634,1196.384556,100000,0,0,232237.8479,5600,67200,0,840,68040,560687.4793,100,40,70
30064.44384,11457.62502,130000,0,0,171522.0689,13000,156000,5068.854629,0,161068.8546,1384128.486,0,40,20
143939.0395,75.65653624,80000,0,289391.2097,513405.9057,9100,109200,0,0,109200,1445464.811,90,20,55
86404.99179,5929.878791,20000,0,18212.97246,130547.843,5600,67200,0,0,67200,1414932.519,60,10,35
88322.33433,5773.137347,40000,0,29210.74156,163306.2132,5600,67200,0,840,68040,1270735.876,0,10,5
107485.8268,3869.680188,130000,0,0,241355.507,13000,156000,14024.54074,0,170024.5407,748123.8114,90,80,85
84397.30391,6269.18636,0,0,18386.14594,109052.6362,3200,38400,0,480,38880,700999.1829,0,10,5
129730.5685,1881.322215,130000,0,0,261611.8907,13000,156000,27500.21994,0,183500.2199,1359315.406,0,40,20
32025.59362,11693.08802,100000,0,446869.4215,590588.1031,9100,109200,0,0,109200,1744404.928,90,20,55
10814.49368,13865.01603,130000,0,0,154679.5097,9100,109200,0,0,109200,995017.044,0,40,20
26932.23812,12479.26239,130000,0,0,169411.5005,9100,109200,0,0,109200,721073.4069,80,70,75
144397.2655,753.8371872,130000,0,0,275151.1027,5600,67200,0,840,68040,672103.9005,100,40,70
133809.9047,1937.674271,20000,0,25531.10789,181278.6868,3200,38400,0,480,38880,1989512.329,60,0,30
100076.5006,5324.554774,100000,0,0,205401.0554,13000,156000,28992.98065,0,184992.9807,874538.0845,80,70,75
27157.07581,12738.90388,80000,0,309092.2291,428988.2088,13000,156000,5976.803497,0,161976.8035,345706.1272,100,100,100
135939.6529,1915.386379,20000,0,19386.68959,177241.7289,5600,67200,0,0,67200,1533880.06,0,10,5
135276.2598,1995.436318,0,0,15523.0623,152794.7585,8000,96000,7880.262345,0,103880.2623,852799.7158,0,40,20
48938.08237,10719.70331,40000,0,78067.55775,177725.3434,9100,109200,0,0,109200,657386.5679,80,70,75
89595.1426,7041.885412,130000,0,0,226637.028,5600,67200,0,840,68040,1101465.116,80,20,50
101732.4815,5838.281021,130000,79000,0,316570.7625,9100,109200,0,0,109200,1231526.202,80,20,50
103391.7929,5715.016547,40000,42000,80270.9792,271377.7887,13000,156000,9129.322188,0,165129.3222,1711600.52,0,40,20
145302.3267,1528.021793,130000,77000,0,353830.3485,9100,109200,0,0,109200,1658670.825,80,20,50
71723.41239,8926.669951,130000,0,0,210650.0823,9100,109200,0,0,109200,1200905.036,0,40,20
160815.211,87.06643105,20000,0,20210.73442,201113.0119,5600,67200,0,0,67200,562001.2808,90,40,65
34955.79127,12767.68681,100000,67000,0,214723.4781,9100,109200,0,0,109200,939463.5633,80,40,60
104120.0082,5876.094324,40000,44000,81440.4757,275436.5782,9100,109200,0,0,109200,1241566.078,80,20,50
89824.078,7309.814171,100000,68000,0,265133.8922,9100,109200,0,0,109200,584194.5496,100,80,90
55537.47425,11001.77326,0,0,20694.40086,87233.64838,3200,38400,0,480,38880,676451.4554,0,10,5
107314.2741,5961.949937,20000,32000,20866.72168,186142.9457,5600,67200,0,0,67200,1216174.043,0,10,5
88353.10796,7917.854459,20000,0,27921.94209,144192.9045,3200,38400,0,480,38880,920866.0352,0,10,5
153208.6107,1858.698034,80000,0,343591.1822,578658.491,9100,109200,0,0,109200,737268.4521,100,50,75
9269.614172,16453.14127,20000,35000,21725.12836,102447.8838,8000,96000,20081.12949,0,116081.1295,1837636.207,60,10,35
62283.80753,11298.48028,40000,43000,87634.30515,244216.593,9100,109200,0,0,109200,38333.98881,100,100,100
46758.5489,12933.03119,20000,0,22011.1076,101702.6877,5600,67200,0,0,67200,1373384.731,60,10,35
25192.23603,15117.11785,100000,0,0,140309.3539,5600,67200,0,840,68040,213025.0921,100,100,100
23039.26667,15350.76384,0,0,17654.69051,56044.72103,5600,67200,0,0,67200,569731.2087,60,40,50
121746.4009,5620.737886,20000,0,22244.22246,169611.3612,5600,67200,0,0,67200,1608750.611,0,10,5
15841.83487,16402.83639,100000,0,89935.09937,222179.7706,5600,67200,0,840,68040,1528252.796,0,10,5
77629.55441,10328.122,80000,59000,361821.5487,588779.2251,9100,109200,0,0,109200,161620.5622,100,100,100
73783.90549,10717.42763,80000,0,361916.3635,526417.6967,9100,109200,0,0,109200,518634.4831,100,100,100
176458.1521,461.9059796,100000,0,543231.6357,820151.6937,13000,156000,10450.15084,0,166450.1508,703326.1448,100,100,100
8840.843171,17287.99499,40000,42000,90860.39654,198989.2347,13000,156000,19941.46554,0,175941.4655,602263.4725,90,100,95
42119.1768,14087.47952,20000,0,22874.2465,99080.90281,8000,96000,12167.67066,0,108167.6707,1382384.725,60,20,40
21020.4108,16326.03825,0,0,23035.09916,60381.54821,3200,38400,0,480,38880,906353.0395,60,10,35
83116.71651,10118.82921,20000,0,30717.50143,143953.0472,3200,38400,0,480,38880,141991.7745,100,100,100
48239.53816,13670.18893,100000,0,0,161909.7271,9100,109200,0,0,109200,434342.9227,90,100,95
18489.6981,16674.64057,130000,0,0,165164.3387,5600,67200,0,840,68040,1055985.902,0,20,10
3971.045545,18267.56845,130000,0,0,152238.614,5600,67200,0,840,68040,1407410.068,0,10,5
170509.4779,1774.023663,100000,60000,564749.1435,897032.645,13000,156000,4635.792039,0,160635.792,1230177.116,100,50,75
142533.8226,4777.65795,20000,0,23788.80026,191100.2808,8000,96000,2266.211902,0,98266.2119,1617539.318,0,10,5
19319.2404,17392.73517,130000,0,0,166711.9756,5600,67200,0,840,68040,300277.8619,100,100,100
178900.4054,1458.322374,130000,0,0,310358.7277,5600,67200,0,840,68040,915246.6908,90,20,55
78653.27712,11496.23424,40000,45000,96807.80977,271957.3211,9100,109200,0,0,109200,1020612.175,80,40,60
152025.2035,4166.954203,40000,0,96847.37279,293039.5305,9100,109200,0,0,109200,1471942.247,0,20,10
92969.48388,10080.47288,130000,0,0,233049.9568,9100,109200,0,0,109200,313213.5099,100,100,100
168967.8615,2485.887447,40000,0,96913.368,308367.117,9100,109200,0,0,109200,592196.2108,100,80,90
160484.4295,3395.212268,40000,46000,97218.2761,347097.9179,13000,156000,13534.86741,0,169534.8674,1718443.261,80,40,60
59492.4069,13497.0748,40000,46000,97231.57746,256221.0592,9100,109200,0,0,109200,405402.2913,100,100,100
19126.11624,17767.39853,130000,0,0,166893.5148,5600,67200,0,840,68040,852652.2548,0,20,10
104797.4832,9411.139545,80000,0,49727.21968,243935.8425,5600,67200,0,840,68040,1829418.099,0,10,5
148464.5461,5147.194789,20000,37000,24992.06175,235603.8027,8000,96000,18477.10976,0,114477.1098,498408.8537,100,80,90
7134.447788,19299.71329,100000,0,0,126434.1611,5600,67200,0,840,68040,1362508.588,60,10,35
198260.4385,470.1262264,20000,0,33826.95013,252557.5149,3200,38400,0,480,38880,1093755.725,80,10,45
154179.3091,4993.483519,20000,35000,25514.26803,239687.0606,5600,67200,0,0,67200,683942.0051,90,40,65
86031.51354,11816.96011,100000,0,0,197848.4737,5600,67200,0,840,68040,263104.756,100,100,100
110799.3744,9354.703207,130000,0,0,250154.0776,9100,109200,0,0,109200,1287698.081,0,20,10
170688.1523,3497.201929,100000,0,0,274185.3542,9100,109200,0,0,109200,1643192.209,0,20,10
35186.94334,17290.84003,40000,0,104047.6718,196525.4552,13000,156000,16710.95108,0,172710.9511,428614.9857,100,100,100
159997.572,4833.85603,40000,0,41667.22647,246498.6545,5600,67200,0,840,68040,340494.2458,100,80,90
176690.1868,3331.441355,40000,45000,105002.3002,370023.9284,9100,109200,0,0,109200,1357934.668,80,20,50
155393.1903,5705.47676,80000,0,53111.98947,294210.6565,5600,67200,0,840,68040,1223652.961,80,10,45
47274.26023,16542.40361,130000,87000,0,280816.6638,9100,109200,0,0,109200,530997.2178,100,80,90
57656.7669,15748.42048,20000,0,35856.82862,129262.016,3200,38400,0,480,38880,375915.7502,90,40,65
67436.05992,14909.43923,80000,54000,433060.9045,649406.4036,9100,109200,0,0,109200,333505.3782,100,100,100
120618.6595,9594.453459,130000,0,0,260213.1129,9100,109200,0,0,109200,723943.6092,90,70,80
19080.2169,20231.17119,80000,0,55347.9822,174659.3703,5600,67200,0,840,68040,1855926.472,60,10,35
34801.87428,18710.30095,100000,0,0,153512.1752,9100,109200,0,0,109200,195531.9057,100,100,100
5384.211872,21772.7344,20000,0,37185.25932,84342.20559,3200,38400,0,480,38880,339947.0081,80,40,60
180067.3125,4391.531195,40000,0,111991.3122,336450.1559,9100,109200,0,0,109200,948574.9253,90,40,65
64932.58176,16399.95129,100000,0,686796.2838,868128.8169,9100,109200,0,0,109200,624221.4535,100,70,85
73343.29429,15562.56349,100000,0,0,188905.8578,9100,109200,0,0,109200,1313683.994,0,20,10
102356.9466,12690.66589,130000,0,0,245047.6124,9100,109200,0,0,109200,510888.7009,100,100,100
120354.2607,10976.13139,100000,0,0,231330.3921,9100,109200,0,0,109200,9633.796691,100,100,100
118505.1677,11217.04282,130000,0,0,259722.2106,5600,67200,0,840,68040,333138.8021,100,80,90
110583.53,12099.45121,130000,74000,0,326682.9812,9100,109200,0,0,109200,1811082.331,0,20,10
132027.7668,10092.06564,100000,0,698845.2697,940965.1021,9100,109200,0,0,109200,971075.027,100,40,70
167081.9362,6827.232789,40000,0,117677.132,331586.301,9100,109200,0,0,109200,1255336.834,80,20,50
29348.41756,20628.07413,40000,0,117814.5794,207791.0711,13000,156000,9874.822017,0,165874.822,890347.1845,80,70,75
56219.18533,17996.38558,80000,0,472366.0822,626581.6532,13000,156000,21316.17794,0,177316.1779,42045.3902,100,100,100
66519.48789,17090.02387,100000,0,0,183609.5118,9100,109200,0,0,109200,1523217.802,0,20,10
209319.2147,3058.206809,40000,0,119950.6414,372328.063,13000,156000,22024.14455,0,178024.1446,1739280.755,80,20,50
175631.514,6580.79518,40000,0,120719.7329,342932.042,9100,109200,0,0,109200,553982.0909,100,80,90
102359.1987,13962.6646,130000,84000,0,330321.8633,9100,109200,0,0,109200,1393183.011,80,20,50
80714.52366,16366.28374,80000,51000,488754.722,716835.5294,13000,156000,1843.495946,0,157843.4959,964642.7348,100,70,85
34371.60509,21056.987,130000,87000,0,272428.5921,9100,109200,0,0,109200,940930.3165,80,40,60
148277.488,10135.2887,130000,0,0,288412.7767,5600,67200,0,840,68040,134631.1606,100,100,100
67479.59333,18233.35901,20000,0,31226.64793,136939.6003,5600,67200,0,0,67200,1317127.629,0,10,5
95744.33735,15434.51051,130000,0,0,241178.8479,13000,156000,12458.87137,0,168458.8714,1330641.253,0,40,20
210731.1573,4089.169322,40000,0,125811.4253,380631.7519,9100,109200,0,0,109200,1252128.162,90,20,55
114805.7814,13705.17187,130000,72000,0,330510.9533,9100,109200,0,0,109200,1630547.927,80,20,50
47021.19284,20502.38906,40000,0,50409.01669,157932.5986,5600,67200,0,840,68040,177418.4478,100,100,100
25383.91891,22670.8913,130000,0,0,178054.8102,13000,156000,27682.25446,0,183682.2545,1330278.821,0,40,20
83760.59127,17013.98614,80000,0,507800.9053,688575.4827,9100,109200,0,0,109200,966002.2385,100,40,70
73083.89653,18105.8027,40000,48000,127070.9618,306260.661,9100,109200,0,0,109200,1340424.976,80,20,50
71620.29098,18506.38976,100000,0,128342.0943,318468.775,5600,67200,0,840,68040,226197.6491,100,100,100
148050.0259,10913.14289,100000,0,771544.3644,1030507.533,9100,109200,0,0,109200,1141340.552,100,40,70
207715.386,4996.674559,130000,80000,0,422712.0606,13000,156000,2679.965479,0,158679.9655,940366.0322,100,70,85
161549.1422,9806.134557,80000,0,64902.62194,316257.8987,5600,67200,0,840,68040,1162244.858,80,10,45
149700.6811,11109.80615,100000,0,0,260810.4873,5600,67200,0,840,68040,1275642.338,80,10,45
121318.9106,14105.48495,130000,0,0,265424.3955,9100,109200,0,0,109200,409356.965,100,100,100
221654.9427,4264.785558,130000,83000,0,438919.7283,13000,156000,16946.82732,0,172946.8273,364410.1871,100,100,100
192878.3774,7164.133539,100000,0,0,300042.511,5600,67200,0,840,68040,1581792.885,0,10,5
50179.76953,21477.51365,130000,0,0,201657.2832,9100,109200,0,0,109200,1719279.331,0,20,10
138696.9704,13155.39233,0,29000,27025.08937,207877.4521,5600,67200,0,0,67200,912016.1735,80,20,50
107728.0799,16404.94006,40000,0,54355.4961,218488.5161,5600,67200,0,840,68040,825198.4526,80,20,50
226273.1616,4574.1697,40000,0,136007.4293,406854.7607,9100,109200,0,0,109200,1174818.99,90,40,65
182497.5705,9334.739767,130000,0,0,321832.3103,5600,67200,0,840,68040,1543279.51,80,10,45
256667.3661,2222.190828,20000,0,46481.54572,325371.1026,3200,38400,0,480,38880,164528.8741,100,100,100
207329.1429,7319.176494,40000,0,140260.4539,394908.7733,9100,109200,0,0,109200,1753784.858,80,20,50
160612.6441,12010.60788,100000,64000,842156.1688,1178779.421,13000,156000,19204.68987,0,175204.6899,397817.9512,100,100,100
69248.92446,21180.13093,130000,0,0,220429.0554,9100,109200,0,0,109200,1655451.43,0,20,10
162636.7641,11928.11276,80000,55000,563835.7834,873400.6602,9100,109200,0,0,109200,871066.3216,100,50,75
85021.4055,19797.69659,40000,0,141499.1857,286318.2878,9100,109200,0,0,109200,842705.4767,90,50,70
66223.74104,21898.1974,130000,0,0,218121.9384,9100,109200,0,0,109200,1279526.017,0,20,10
224647.8427,6140.233818,130000,0,0,360788.0765,9100,109200,0,0,109200,736511.9096,100,50,75
122111.2522,16594.43645,100000,0,0,238705.6887,13000,156000,18150.5824,0,174150.5824,712751.0618,90,100,95
153254.7482,13523.7426,130000,0,0,296778.4908,5600,67200,0,840,68040,1123273.304,80,10,45
185013.4032,10391.66927,130000,0,0,325405.0725,5600,67200,0,840,68040,1825260.255,0,10,5
151506.6489,13801.27995,130000,0,0,295307.9289,5600,67200,0,840,68040,1350894.689,80,10,45
140383.1645,14935.86554,100000,0,0,255319.03,5600,67200,0,840,68040,1350485.545,0,10,5
78406.16716,21443.52107,130000,0,0,229849.6882,5600,67200,0,840,68040,1131937.733,80,10,45
152002.9568,14130.36276,130000,0,0,296133.3195,5600,67200,0,840,68040,315413.9846,100,100,100
291472.2756,348.231315,100000,69000,0,460820.5069,9100,109200,0,0,109200,1788314.234,80,20,50
164640.0983,13159.41495,130000,0,0,307799.5132,9100,109200,0,0,109200,758884.8291,100,50,75
293931.7672,409.7823124,40000,0,149014.7952,483356.3447,9100,109200,0,0,109200,404266.879,100,100,100
15995.94262,28724.91451,100000,0,0,144720.8571,5600,67200,0,840,68040,793313.296,0,20,10
142911.2267,16033.3861,80000,58000,606490.1754,903434.7882,9100,109200,0,0,109200,398882.3796,100,100,100
199967.7243,10488.85333,130000,0,0,340456.5776,5600,67200,0,840,68040,1499978.708,80,10,45
129236.9708,17580.0731,20000,0,38129.71272,204946.7566,8000,96000,19245.42187,0,115245.4219,630955.088,90,70,80
122382.7803,18919.91906,130000,0,0,271302.6993,5600,67200,0,840,68040,1022802.663,80,20,50
96204.2742,21800.52269,130000,0,0,248004.7969,5600,67200,0,840,68040,1542479.774,0,10,5
65528.56341,24940.3986,40000,0,157466.2747,287935.2367,13000,156000,17317.02452,0,173317.0245,1901460.213,0,20,10
219040.7645,9778.944561,130000,88000,0,446819.709,9100,109200,0,0,109200,1753962.498,80,20,50
295517.2176,2838.385906,0,0,40487.63458,338843.2381,3200,38400,0,480,38880,664337.0176,100,10,55
7046.836973,31768.64273,100000,0,974199.7928,1113015.273,9100,109200,0,0,109200,530903.0208,100,80,90
314427.4803,1163.182722,130000,90000,0,535590.6631,9100,109200,0,0,109200,1892088.052,80,10,45
251546.2132,7561.813044,130000,0,0,389108.0262,5600,67200,0,840,68040,294563.7983,100,100,100
33371.64324,29529.60951,0,0,32866.77384,95768.02659,5600,67200,0,0,67200,378511.2062,80,70,75
68416.88994,26063.01077,80000,0,82261.74941,256741.6501,5600,67200,0,840,68040,461772.3125,100,50,75
255701.6543,8393.186172,130000,0,0,394094.8404,9100,109200,0,0,109200,1715487.256,80,20,50
42178.285,29850.56974,80000,0,85170.99559,237199.8503,5600,67200,0,840,68040,422760.3619,100,70,85
201815.3325,14133.51995,40000,0,68630.1064,324578.9589,5600,67200,0,840,68040,1109459.68,80,20,50
253425.7594,9019.952884,20000,0,42953.16103,325398.8733,8000,96000,8035.292666,0,104035.2927,88528.99741,100,100,100
19693.00344,33236.87576,130000,0,0,182929.8792,13000,156000,17965.59768,0,173965.5977,1007879.421,0,70,35
58288.9326,29729.2573,20000,0,44447.6882,152465.8781,5600,67200,0,0,67200,1950916.358,60,10,35
191295.7331,16485.87541,100000,63000,1068463.462,1439245.07,13000,156000,28929.95077,0,184929.9508,862010.4343,100,80,90
309287.3084,5845.505086,40000,0,183871.1796,539003.9931,9100,109200,0,0,109200,414131.046,100,100,100
363225.4857,1060.412158,40000,47000,186914.8036,638200.7015,13000,156000,16933.07029,0,172933.0703,742694.7657,100,100,100
299925.4716,8483.4443,20000,34000,48094.98932,410503.9052,5600,67200,0,0,67200,686009.2211,100,40,70
332764.5573,5748.50673,80000,57000,780499.2492,1256012.313,13000,156000,11409.0143,0,167409.0143,1615349.44,100,40,70
15102.60435,37514.70203,80000,59000,780499.2492,972116.5556,13000,156000,15758.88708,0,171758.8871,1844291.406,100,20,60
238250.2316,16400.4723,40000,46000,201127.4773,541778.1813,13000,156000,23004.53872,0,179004.5387,310448.6865,100,100,100
284680.3975,12058.68037,130000,90000,0,516739.0778,9100,109200,0,0,109200,161888.0517,100,100,100
216612.5278,19229.99281,20000,0,51114.05699,306956.5776,5600,67200,0,0,67200,231512.1668,100,100,100
334148.999,7524.367007,80000,52000,818785.3382,1292458.704,9100,109200,0,0,109200,50032.47847,100,100,100
360670.3273,5746.440486,40000,0,83626.94643,490043.7142,5600,67200,0,840,68040,458750.2425,100,50,75
9678.416234,53200.20762,40000,0,108336.0985,211214.7223,5600,67200,0,840,68040,1042591.288,80,20,50